ts,name,num_qubits,operational,pending_jobs,avg_cx_error,avg_readout_error
2026-06-11T00:05:32.032213+00:00,ibm_fez,156,True,1,,0.02406
2026-06-11T00:05:32.032213+00:00,ibm_marrakesh,156,True,0,,0.02911
2026-06-11T00:05:32.032213+00:00,ibm_kingston,156,True,1,,0.01688
2026-06-11T02:51:52.101127+00:00,ibm_fez,156,True,1,,0.02422
2026-06-11T02:51:52.101127+00:00,ibm_marrakesh,156,True,0,,0.0265
2026-06-11T02:51:52.101127+00:00,ibm_kingston,156,True,2,,0.01918
2026-06-11T10:11:19.290167+00:00,ibm_fez,156,True,2,,0.02106
2026-06-11T10:11:19.290167+00:00,ibm_marrakesh,156,True,0,,0.02749
2026-06-11T10:11:19.290167+00:00,ibm_kingston,156,True,1,,0.0198
2026-06-11T15:41:01.783891+00:00,ibm_fez,156,True,2,,0.02305
2026-06-11T15:41:01.783891+00:00,ibm_marrakesh,156,True,2,,0.02645
2026-06-11T15:41:01.783891+00:00,ibm_kingston,156,True,4,,0.04921
2026-06-11T20:12:25.195794+00:00,ibm_fez,156,True,18895,,0.01824
2026-06-11T20:12:25.195794+00:00,ibm_marrakesh,156,True,5,,0.02668
2026-06-11T20:12:25.195794+00:00,ibm_kingston,156,True,62,,0.04508
2026-06-12T02:48:26.588332+00:00,ibm_fez,156,True,1,,0.01824
2026-06-12T02:48:26.588332+00:00,ibm_marrakesh,156,True,6,,0.02464
2026-06-12T02:48:26.588332+00:00,ibm_kingston,156,True,2,,0.04508
2026-06-12T09:59:56.287975+00:00,ibm_fez,156,True,2,,0.02278
2026-06-12T09:59:56.287975+00:00,ibm_marrakesh,156,True,2,,0.02797
2026-06-12T09:59:56.287975+00:00,ibm_kingston,156,True,25,,0.0402
2026-06-12T14:41:04.692811+00:00,ibm_fez,156,True,7,,0.02174
2026-06-12T14:41:04.692811+00:00,ibm_marrakesh,156,True,8,,0.02797
2026-06-12T14:41:04.692811+00:00,ibm_kingston,156,True,42,,0.04057
2026-06-12T19:58:08.550306+00:00,ibm_fez,156,True,1,,0.02041
2026-06-12T19:58:08.550306+00:00,ibm_marrakesh,156,True,2,,0.02797
2026-06-12T19:58:08.550306+00:00,ibm_kingston,156,True,4,,0.01918
2026-06-13T02:40:45.432872+00:00,ibm_fez,156,True,1,,0.02117
2026-06-13T02:40:45.432872+00:00,ibm_marrakesh,156,True,0,,0.02532
2026-06-13T02:40:45.432872+00:00,ibm_kingston,156,True,0,,0.01636
2026-06-13T08:49:26.523473+00:00,ibm_fez,156,True,0,,0.02369
2026-06-13T08:49:26.523473+00:00,ibm_marrakesh,156,True,1,,0.02769
2026-06-13T08:49:26.523473+00:00,ibm_kingston,156,True,0,,0.01737
2026-06-13T13:43:28.011168+00:00,ibm_fez,156,True,0,,0.02323
2026-06-13T13:43:28.011168+00:00,ibm_marrakesh,156,True,0,,0.02885
2026-06-13T13:43:28.011168+00:00,ibm_kingston,156,True,1,,0.01716
2026-06-13T16:46:49.532149+00:00,ibm_fez,156,True,0,,0.02177
2026-06-13T16:46:49.532149+00:00,ibm_marrakesh,156,True,0,,0.02885
2026-06-13T16:46:49.532149+00:00,ibm_kingston,156,True,1,,0.01802
2026-06-13T19:12:59.972020+00:00,ibm_fez,156,True,0,,0.02327
2026-06-13T19:12:59.972020+00:00,ibm_marrakesh,156,True,1,,0.02483
2026-06-13T19:12:59.972020+00:00,ibm_kingston,156,True,0,,0.01722
2026-06-14T02:52:29.017819+00:00,ibm_fez,156,True,1,,0.02069
2026-06-14T02:52:29.017819+00:00,ibm_marrakesh,156,True,0,,0.02522
2026-06-14T02:52:29.017819+00:00,ibm_kingston,156,True,0,,0.01605
2026-06-14T09:21:58.635868+00:00,ibm_fez,156,True,0,,0.02258
2026-06-14T09:21:58.635868+00:00,ibm_marrakesh,156,True,1,,0.02522
2026-06-14T09:21:58.635868+00:00,ibm_kingston,156,True,0,,0.01683
2026-06-14T13:44:58.159420+00:00,ibm_fez,156,True,0,,0.02176
2026-06-14T13:44:58.159420+00:00,ibm_marrakesh,156,True,0,,0.02499
2026-06-14T13:44:58.159420+00:00,ibm_kingston,156,True,0,,0.01924
2026-06-14T19:14:00.662031+00:00,ibm_fez,156,True,2,,0.02103
2026-06-14T19:14:00.662031+00:00,ibm_marrakesh,156,True,0,,0.02742
2026-06-14T19:14:00.662031+00:00,ibm_kingston,156,True,1,,0.01844
2026-06-15T02:57:23.699560+00:00,ibm_fez,156,True,2,,0.01793
2026-06-15T02:57:23.699560+00:00,ibm_marrakesh,156,True,0,,0.02884
2026-06-15T02:57:23.699560+00:00,ibm_kingston,156,True,0,,0.01731
2026-06-15T11:50:24.832352+00:00,ibm_fez,156,True,1,,0.0179
2026-06-15T11:50:24.832352+00:00,ibm_marrakesh,156,True,1,,0.02802
2026-06-15T11:50:24.832352+00:00,ibm_kingston,156,True,4,,0.01593
2026-06-15T17:03:25.386172+00:00,ibm_fez,156,True,4,,0.01841
2026-06-15T17:03:25.386172+00:00,ibm_marrakesh,156,True,6,,0.02996
2026-06-15T17:03:25.386172+00:00,ibm_kingston,156,True,23,,0.01868
2026-06-15T20:48:16.869013+00:00,ibm_fez,156,True,1,,0.02065
2026-06-15T20:48:16.869013+00:00,ibm_marrakesh,156,True,0,,0.02996
2026-06-15T20:48:16.869013+00:00,ibm_kingston,156,True,1,,0.01868
2026-06-16T02:57:56.018815+00:00,ibm_fez,156,True,0,,0.02075
2026-06-16T02:57:56.018815+00:00,ibm_marrakesh,156,True,2,,0.03353
2026-06-16T02:57:56.018815+00:00,ibm_kingston,156,True,64,,0.01523
2026-06-16T10:57:56.619146+00:00,ibm_fez,156,True,0,,0.02006
2026-06-16T10:57:56.619146+00:00,ibm_marrakesh,156,True,1,,0.04127
2026-06-16T10:57:56.619146+00:00,ibm_kingston,156,True,83,,0.01523
2026-06-16T16:28:35.955098+00:00,ibm_fez,156,True,19,,0.01887
2026-06-16T16:28:35.955098+00:00,ibm_marrakesh,156,True,14,,0.04127
2026-06-16T16:28:35.955098+00:00,ibm_kingston,156,True,3,,0.01523
2026-06-16T20:42:08.415163+00:00,ibm_fez,156,True,6,,0.01997
2026-06-16T20:42:08.415163+00:00,ibm_marrakesh,156,True,16,,0.04127
2026-06-16T20:42:08.415163+00:00,ibm_kingston,156,True,35,,0.01629
2026-06-17T02:55:02.473593+00:00,ibm_fez,156,True,1,,0.01915
2026-06-17T02:55:02.473593+00:00,ibm_marrakesh,156,True,5,,0.0365
2026-06-17T02:55:02.473593+00:00,ibm_kingston,156,True,5,,0.01935
2026-06-17T10:29:34.443881+00:00,ibm_fez,156,True,0,,0.01903
2026-06-17T10:29:34.443881+00:00,ibm_marrakesh,156,True,1,,0.03345
2026-06-17T10:29:34.443881+00:00,ibm_kingston,156,True,1,,0.01862
2026-06-17T14:56:26.246136+00:00,ibm_fez,156,True,2,,0.02029
2026-06-17T14:56:26.246136+00:00,ibm_marrakesh,156,True,1,,0.0367
2026-06-17T14:56:26.246136+00:00,ibm_kingston,156,True,29,,0.01714
2026-06-17T20:03:52.004752+00:00,ibm_fez,156,True,2,,0.01968
2026-06-17T20:03:52.004752+00:00,ibm_marrakesh,156,True,2,,0.02924
2026-06-17T20:03:52.004752+00:00,ibm_kingston,156,True,66,,0.01714
2026-06-18T02:50:10.174490+00:00,ibm_fez,156,True,0,,0.01762
2026-06-18T02:50:10.174490+00:00,ibm_marrakesh,156,True,0,,0.03243
2026-06-18T02:50:10.174490+00:00,ibm_kingston,156,True,2,,0.01859
2026-06-18T10:10:17.095466+00:00,ibm_fez,156,True,46,,0.01917
2026-06-18T10:10:17.095466+00:00,ibm_marrakesh,156,True,0,,0.03243
2026-06-18T10:10:17.095466+00:00,ibm_kingston,156,True,2,,0.01789
2026-06-18T14:52:08.635010+00:00,ibm_fez,156,True,1,,0.02187
2026-06-18T14:52:08.635010+00:00,ibm_marrakesh,156,True,4,,0.02576
2026-06-18T14:52:08.635010+00:00,ibm_kingston,156,True,15,,0.01604
2026-06-18T20:14:27.949697+00:00,ibm_fez,156,True,34,,0.01924
2026-06-18T20:14:27.949697+00:00,ibm_marrakesh,156,True,12,,0.02576
2026-06-18T20:14:27.949697+00:00,ibm_kingston,156,True,10,,0.01648
2026-06-19T03:35:43.354996+00:00,ibm_fez,156,True,577,,0.01924
2026-06-19T03:35:43.354996+00:00,ibm_marrakesh,156,True,0,,0.02576
2026-06-19T03:35:43.354996+00:00,ibm_kingston,156,True,0,,0.01712
2026-06-19T10:16:03.629934+00:00,ibm_fez,156,True,619,,0.01924
2026-06-19T10:16:03.629934+00:00,ibm_marrakesh,156,True,0,,0.02576
2026-06-19T10:16:03.629934+00:00,ibm_kingston,156,True,0,,0.01671
2026-06-19T14:47:14.654480+00:00,ibm_fez,156,True,2,,0.01924
2026-06-19T14:47:14.654480+00:00,ibm_marrakesh,156,True,4,,0.02576
2026-06-19T14:47:14.654480+00:00,ibm_kingston,156,True,9,,0.01614
2026-06-19T19:29:22.704915+00:00,ibm_fez,156,True,1,,0.01991
2026-06-19T19:29:22.704915+00:00,ibm_marrakesh,156,True,23,,0.02576
2026-06-19T19:29:22.704915+00:00,ibm_kingston,156,True,54,,0.01614
2026-06-20T02:39:43.984608+00:00,ibm_fez,156,True,0,,0.02214
2026-06-20T02:39:43.984608+00:00,ibm_marrakesh,156,True,42,,0.02759
2026-06-20T02:39:43.984608+00:00,ibm_kingston,156,True,0,,0.01652
2026-06-20T08:44:02.550204+00:00,ibm_fez,156,True,0,,0.0206
2026-06-20T08:44:02.550204+00:00,ibm_marrakesh,156,True,54,,0.02759
2026-06-20T08:44:02.550204+00:00,ibm_kingston,156,True,0,,0.01653
2026-06-20T13:45:01.810759+00:00,ibm_fez,156,True,0,,0.02065
2026-06-20T13:45:01.810759+00:00,ibm_marrakesh,156,True,58,,0.02759
2026-06-20T13:45:01.810759+00:00,ibm_kingston,156,True,0,,0.0171
2026-06-20T19:13:42.603525+00:00,ibm_fez,156,True,0,,0.02131
2026-06-20T19:13:42.603525+00:00,ibm_marrakesh,156,True,1,,0.02759
2026-06-20T19:13:42.603525+00:00,ibm_kingston,156,True,0,,0.01701
2026-06-21T02:56:00.991351+00:00,ibm_fez,156,True,0,,0.01814
2026-06-21T02:56:00.991351+00:00,ibm_marrakesh,156,True,0,,0.03539
2026-06-21T02:56:00.991351+00:00,ibm_kingston,156,True,0,,0.01831
2026-06-21T09:39:26.768875+00:00,ibm_fez,156,True,1,,0.02067
2026-06-21T09:39:26.768875+00:00,ibm_marrakesh,156,True,0,,0.02569
2026-06-21T09:39:26.768875+00:00,ibm_kingston,156,True,2,,0.02095
2026-06-21T13:52:28.721009+00:00,ibm_fez,156,True,1,,0.01982
2026-06-21T13:52:28.721009+00:00,ibm_marrakesh,156,True,6,,0.02262
2026-06-21T13:52:28.721009+00:00,ibm_kingston,156,True,1,,0.02095
2026-06-21T19:19:30.457925+00:00,ibm_fez,156,True,1,,0.01919
2026-06-21T19:19:30.457925+00:00,ibm_marrakesh,156,True,0,,0.02493
2026-06-21T19:19:30.457925+00:00,ibm_kingston,156,True,1,,0.01698
2026-06-22T02:58:31.827484+00:00,ibm_fez,156,True,1,,0.01983
2026-06-22T02:58:31.827484+00:00,ibm_marrakesh,156,True,0,,0.02494
2026-06-22T02:58:31.827484+00:00,ibm_kingston,156,True,9,,0.01735
2026-06-22T11:39:23.605474+00:00,ibm_fez,156,True,0,,0.02015
2026-06-22T11:39:23.605474+00:00,ibm_marrakesh,156,True,0,,0.03204
2026-06-22T11:39:23.605474+00:00,ibm_kingston,156,True,0,,0.01706
2026-06-22T16:41:22.788615+00:00,ibm_fez,156,True,1,,0.01772
2026-06-22T16:41:22.788615+00:00,ibm_marrakesh,156,True,4,,0.03232
2026-06-22T16:41:22.788615+00:00,ibm_kingston,156,True,41,,0.01865
2026-06-22T20:36:25.593584+00:00,ibm_fez,156,True,4,0.04253,0.01772
2026-06-22T20:36:25.593584+00:00,ibm_marrakesh,156,True,8,0.05314,0.03232
2026-06-22T20:36:25.593584+00:00,ibm_kingston,156,True,1,0.03667,0.01865
2026-06-23T02:33:40.780509+00:00,ibm_fez,156,True,0,0.04253,0.01843
2026-06-23T02:33:40.780509+00:00,ibm_marrakesh,156,True,1,0.05314,0.04591
2026-06-23T02:33:40.780509+00:00,ibm_kingston,156,True,0,0.03667,0.01577
2026-06-23T09:25:44.426898+00:00,ibm_fez,156,True,3,0.04253,0.019
2026-06-23T09:25:44.426898+00:00,ibm_marrakesh,156,True,1,0.05314,0.02376
2026-06-23T09:25:44.426898+00:00,ibm_kingston,156,True,2,0.03667,0.02023
2026-06-23T14:32:24.386316+00:00,ibm_fez,156,True,9,0.04253,0.01776
2026-06-23T14:32:24.386316+00:00,ibm_marrakesh,156,True,37,0.0557,0.02732
2026-06-23T14:32:24.386316+00:00,ibm_kingston,156,True,2,0.03674,0.01961
2026-06-23T19:52:19.952861+00:00,ibm_fez,156,True,0,0.04253,0.02343
2026-06-23T19:52:19.952861+00:00,ibm_marrakesh,156,True,18,0.0557,0.03937
2026-06-23T19:52:19.952861+00:00,ibm_kingston,156,True,5,0.03674,0.01794
2026-06-24T02:34:30.941589+00:00,ibm_fez,156,True,5,0.04275,0.02268
2026-06-24T02:34:30.941589+00:00,ibm_marrakesh,156,True,2,0.05595,0.04519
2026-06-24T02:34:30.941589+00:00,ibm_kingston,156,True,7,0.03686,0.01794
2026-06-24T08:56:13.046238+00:00,ibm_fez,156,True,0,0.04275,0.02439
2026-06-24T08:56:13.046238+00:00,ibm_marrakesh,156,True,1,0.05595,0.02536
2026-06-24T08:56:13.046238+00:00,ibm_kingston,156,True,11,0.03683,0.01903
2026-06-24T14:11:51.895320+00:00,ibm_fez,156,True,0,0.04275,0.02238
2026-06-24T14:11:51.895320+00:00,ibm_marrakesh,156,True,0,0.05595,0.02717
2026-06-24T14:11:51.895320+00:00,ibm_kingston,156,True,6,0.03683,0.0169
2026-06-24T19:28:23.462490+00:00,ibm_fez,156,True,11,0.04275,0.01795
2026-06-24T19:28:23.462490+00:00,ibm_marrakesh,156,True,4,0.05595,0.02626
2026-06-24T19:28:23.462490+00:00,ibm_kingston,156,True,0,0.03683,0.0175
2026-06-25T02:36:02.148104+00:00,ibm_fez,156,True,0,0.04275,0.02012
2026-06-25T02:36:02.148104+00:00,ibm_marrakesh,156,True,70,0.05595,0.02626
2026-06-25T02:36:02.148104+00:00,ibm_kingston,156,True,64,0.03683,0.02006
2026-06-25T08:50:23.772443+00:00,ibm_fez,156,True,15,0.04275,0.02275
2026-06-25T08:50:23.772443+00:00,ibm_marrakesh,156,True,30,0.05837,0.02759
2026-06-25T08:50:23.772443+00:00,ibm_kingston,156,True,4,0.03941,0.02006
2026-06-25T14:08:59.588678+00:00,ibm_fez,156,True,2,0.04275,0.02275
2026-06-25T14:08:59.588678+00:00,ibm_marrakesh,156,True,0,0.05837,0.02405
2026-06-25T14:08:59.588678+00:00,ibm_kingston,156,True,1,0.03941,0.01988
2026-06-25T19:48:26.100893+00:00,ibm_fez,156,True,49,0.04275,0.02034
2026-06-25T19:48:26.100893+00:00,ibm_marrakesh,156,True,58,0.05837,0.03586
2026-06-25T19:48:26.100893+00:00,ibm_kingston,156,True,63,0.03941,0.01988
2026-06-26T02:38:25.611645+00:00,ibm_fez,156,True,2,0.04271,0.02034
2026-06-26T02:38:25.611645+00:00,ibm_marrakesh,156,True,1,0.05837,0.03586
2026-06-26T02:38:25.611645+00:00,ibm_kingston,156,True,0,0.03941,0.01556
2026-06-26T08:53:21.620023+00:00,ibm_fez,156,True,1,0.04271,0.01849
2026-06-26T08:53:21.620023+00:00,ibm_marrakesh,156,True,17,0.05839,0.03412
2026-06-26T08:53:21.620023+00:00,ibm_kingston,156,True,2,0.03668,0.0182
2026-06-26T14:08:17.058584+00:00,ibm_fez,156,True,9,0.04271,0.01789
2026-06-26T14:08:17.058584+00:00,ibm_marrakesh,156,True,0,0.05583,0.03172
2026-06-26T14:08:17.058584+00:00,ibm_kingston,156,True,0,0.03668,0.02124
2026-06-26T19:30:00.792270+00:00,ibm_fez,156,True,28,0.04271,0.02105
2026-06-26T19:30:00.792270+00:00,ibm_marrakesh,156,True,21,0.05583,0.03172
2026-06-26T19:30:00.792270+00:00,ibm_kingston,156,True,22,0.03668,0.01926
2026-06-27T02:31:23.083537+00:00,ibm_fez,156,True,2,0.04257,0.02232
2026-06-27T02:31:23.083537+00:00,ibm_marrakesh,156,True,4,0.05583,0.03116
2026-06-27T02:31:23.083537+00:00,ibm_kingston,156,True,0,0.03668,0.01647
2026-06-27T08:28:35.980924+00:00,ibm_fez,156,True,77,0.04257,0.02232
2026-06-27T08:28:35.980924+00:00,ibm_marrakesh,156,True,161,0.05583,0.03116
2026-06-27T08:28:35.980924+00:00,ibm_kingston,156,True,227,0.03668,0.01647
2026-06-27T13:16:48.973667+00:00,ibm_fez,156,True,5,0.04257,0.02232
2026-06-27T13:16:48.973667+00:00,ibm_marrakesh,156,True,181,0.05583,0.03116
2026-06-27T13:16:48.973667+00:00,ibm_kingston,156,True,228,0.03668,0.01647
2026-06-27T19:07:23.507984+00:00,ibm_fez,156,True,16,0.04257,0.02232
2026-06-27T19:07:23.507984+00:00,ibm_marrakesh,156,True,202,0.05583,0.03116
2026-06-27T19:07:23.507984+00:00,ibm_kingston,156,True,245,0.03668,0.01647
2026-06-28T02:44:08.558596+00:00,ibm_fez,156,True,2,0.04257,0.02232
2026-06-28T02:44:08.558596+00:00,ibm_marrakesh,156,True,78,0.05583,0.03116
2026-06-28T02:44:08.558596+00:00,ibm_kingston,156,True,1,0.03668,0.01647
2026-06-28T08:43:09.252520+00:00,ibm_fez,156,True,5,0.04257,0.02232
2026-06-28T08:43:09.252520+00:00,ibm_marrakesh,156,True,89,0.05583,0.03116
2026-06-28T08:43:09.252520+00:00,ibm_kingston,156,True,14,0.03668,0.01647
2026-06-28T13:21:29.260412+00:00,ibm_fez,156,True,19,0.04257,0.02232
2026-06-28T13:21:29.260412+00:00,ibm_marrakesh,156,True,95,0.05583,0.03116
2026-06-28T13:21:29.260412+00:00,ibm_kingston,156,True,2,0.03668,0.01647
2026-06-28T18:20:23.015287+00:00,ibm,ibm_fez,156,True,3,0.04257,0.02232
2026-06-28T18:20:23.015287+00:00,ibm,ibm_marrakesh,156,True,107,0.05583,0.03116
2026-06-28T18:20:23.015287+00:00,ibm,ibm_kingston,156,True,7,0.03668,0.01647
2026-06-28T18:20:23.015287+00:00,ionq,qpu.forte-1,36,0,,,
2026-06-28T18:20:23.015287+00:00,ionq,simulator,29,1,,,
2026-06-28T18:20:23.015287+00:00,ionq,qpu.aria-1,25,0,,,
2026-06-28T18:20:23.015287+00:00,ionq,qpu.aria-2,25,0,,,
2026-06-28T18:20:23.015287+00:00,ionq,qpu.harmony,11,0,,,
2026-06-28T18:20:23.015287+00:00,ionq,qpu.forte-enterprise-1,36,0,,,
2026-06-28T19:06:08.636984+00:00,ibm,ibm_fez,156,True,0,0.04257,0.02232
2026-06-28T19:06:08.636984+00:00,ibm,ibm_marrakesh,156,True,122,0.05583,0.03116
2026-06-28T19:06:08.636984+00:00,ibm,ibm_kingston,156,True,2,0.03668,0.01647
2026-06-28T19:06:08.636984+00:00,ionq,qpu.forte-1,36,1,,,
2026-06-28T19:06:08.636984+00:00,ionq,simulator,29,1,,,
2026-06-28T19:06:08.636984+00:00,ionq,qpu.aria-1,25,0,,,
2026-06-28T19:06:08.636984+00:00,ionq,qpu.aria-2,25,0,,,
2026-06-28T19:06:08.636984+00:00,ionq,qpu.harmony,11,0,,,
2026-06-28T19:06:08.636984+00:00,ionq,qpu.forte-enterprise-1,36,0,,,
2026-06-29T02:44:42.007756+00:00,ibm,ibm_fez,156,True,3,0.04257,0.02232
2026-06-29T02:44:42.007756+00:00,ibm,ibm_marrakesh,156,True,608,0.05583,0.03116
2026-06-29T02:44:42.007756+00:00,ibm,ibm_kingston,156,True,0,0.03668,0.01647
2026-06-29T02:44:42.007756+00:00,ionq,qpu.forte-1,36,1,,,
2026-06-29T02:44:42.007756+00:00,ionq,simulator,29,1,,,
2026-06-29T02:44:42.007756+00:00,ionq,qpu.aria-1,25,0,,,
2026-06-29T02:44:42.007756+00:00,ionq,qpu.aria-2,25,0,,,
2026-06-29T02:44:42.007756+00:00,ionq,qpu.harmony,11,0,,,
2026-06-29T02:44:42.007756+00:00,ionq,qpu.forte-enterprise-1,36,0,,,
2026-06-29T10:27:36.473104+00:00,ibm,ibm_fez,156,True,3,0.04257,0.02232
2026-06-29T10:27:36.473104+00:00,ibm,ibm_marrakesh,156,True,0,0.05583,0.03116
2026-06-29T10:27:36.473104+00:00,ibm,ibm_kingston,156,True,23,0.03668,0.01647
2026-06-29T10:27:36.473104+00:00,ionq,qpu.forte-1,36,1,,,
2026-06-29T10:27:36.473104+00:00,ionq,simulator,29,1,,,
2026-06-29T10:27:36.473104+00:00,ionq,qpu.aria-1,25,0,,,
2026-06-29T10:27:36.473104+00:00,ionq,qpu.aria-2,25,0,,,
2026-06-29T10:27:36.473104+00:00,ionq,qpu.harmony,11,0,,,
2026-06-29T10:27:36.473104+00:00,ionq,qpu.forte-enterprise-1,36,0,,,
2026-06-29T15:34:25.901253+00:00,ibm,ibm_fez,156,True,77,0.04257,0.02083
2026-06-29T15:34:25.901253+00:00,ibm,ibm_marrakesh,156,True,14,0.05583,0.03116
2026-06-29T15:34:25.901253+00:00,ibm,ibm_kingston,156,True,111,0.03668,0.01647
2026-06-29T15:34:25.901253+00:00,ionq,qpu.forte-1,36,1,,,
2026-06-29T15:34:25.901253+00:00,ionq,simulator,29,1,,,
2026-06-29T15:34:25.901253+00:00,ionq,qpu.aria-1,25,0,,,
2026-06-29T15:34:25.901253+00:00,ionq,qpu.aria-2,25,0,,,
2026-06-29T15:34:25.901253+00:00,ionq,qpu.harmony,11,0,,,
2026-06-29T15:34:25.901253+00:00,ionq,qpu.forte-enterprise-1,36,0,,,
2026-06-29T19:46:31.183051+00:00,ibm,ibm_fez,156,True,95,0.04257,0.02083
2026-06-29T19:46:31.183051+00:00,ibm,ibm_marrakesh,156,True,65,0.05583,0.03116
2026-06-29T19:46:31.183051+00:00,ibm,ibm_kingston,156,True,67,0.03668,0.01647
2026-06-29T19:46:31.183051+00:00,ionq,qpu.forte-1,36,1,,,
2026-06-29T19:46:31.183051+00:00,ionq,simulator,29,1,,,
2026-06-29T19:46:31.183051+00:00,ionq,qpu.aria-1,25,0,,,
2026-06-29T19:46:31.183051+00:00,ionq,qpu.aria-2,25,0,,,
2026-06-29T19:46:31.183051+00:00,ionq,qpu.harmony,11,0,,,
2026-06-29T19:46:31.183051+00:00,ionq,qpu.forte-enterprise-1,36,0,,,
2026-06-30T02:39:02.406367+00:00,ibm,ibm_fez,156,True,4,0.04257,0.01897
2026-06-30T02:39:02.406367+00:00,ibm,ibm_marrakesh,156,True,1,0.05619,0.02986
2026-06-30T02:39:02.406367+00:00,ibm,ibm_kingston,156,True,101,0.03818,0.01647
2026-06-30T02:39:02.406367+00:00,ionq,qpu.forte-1,36,1,,,
2026-06-30T02:39:02.406367+00:00,ionq,simulator,29,1,,,
2026-06-30T02:39:02.406367+00:00,ionq,qpu.aria-1,25,0,,,
2026-06-30T02:39:02.406367+00:00,ionq,qpu.aria-2,25,0,,,
2026-06-30T02:39:02.406367+00:00,ionq,qpu.harmony,11,0,,,
2026-06-30T02:39:02.406367+00:00,ionq,qpu.forte-enterprise-1,36,0,,,
2026-06-30T08:59:20.442199+00:00,ibm,ibm_fez,156,True,3,0.04287,0.01897
2026-06-30T08:59:20.442199+00:00,ibm,ibm_marrakesh,156,True,0,0.05619,0.02986
2026-06-30T08:59:20.442199+00:00,ibm,ibm_kingston,156,True,30,0.03818,0.01647
2026-06-30T08:59:20.442199+00:00,ionq,qpu.forte-1,36,1,,,
2026-06-30T08:59:20.442199+00:00,ionq,simulator,29,1,,,
2026-06-30T08:59:20.442199+00:00,ionq,qpu.aria-1,25,0,,,
2026-06-30T08:59:20.442199+00:00,ionq,qpu.aria-2,25,0,,,
2026-06-30T08:59:20.442199+00:00,ionq,qpu.harmony,11,0,,,
2026-06-30T08:59:20.442199+00:00,ionq,qpu.forte-enterprise-1,36,0,,,
2026-06-30T14:02:41.635688+00:00,ibm,ibm_fez,156,True,12,0.04287,0.01897
2026-06-30T14:02:41.635688+00:00,ibm,ibm_marrakesh,156,True,6,0.05619,0.02838
2026-06-30T14:02:41.635688+00:00,ibm,ibm_kingston,156,True,96,0.03818,0.01647
2026-06-30T14:02:41.635688+00:00,ionq,qpu.forte-1,36,0,,,
2026-06-30T14:02:41.635688+00:00,ionq,simulator,29,1,,,
2026-06-30T14:02:41.635688+00:00,ionq,qpu.aria-1,25,0,,,
2026-06-30T14:02:41.635688+00:00,ionq,qpu.aria-2,25,0,,,
2026-06-30T14:02:41.635688+00:00,ionq,qpu.harmony,11,0,,,
2026-06-30T14:02:41.635688+00:00,ionq,qpu.forte-enterprise-1,36,0,,,
2026-06-30T19:45:03.666374+00:00,ibm,ibm_fez,156,True,3756,0.04287,0.02081
2026-06-30T19:45:03.666374+00:00,ibm,ibm_marrakesh,156,True,1647,0.05619,0.02838
2026-06-30T19:45:03.666374+00:00,ibm,ibm_kingston,156,True,24,0.03818,0.01647
2026-06-30T19:45:03.666374+00:00,ionq,qpu.forte-1,36,0,,,
2026-06-30T19:45:03.666374+00:00,ionq,simulator,29,1,,,
2026-06-30T19:45:03.666374+00:00,ionq,qpu.aria-1,25,0,,,
2026-06-30T19:45:03.666374+00:00,ionq,qpu.aria-2,25,0,,,
2026-06-30T19:45:03.666374+00:00,ionq,qpu.harmony,11,0,,,
2026-06-30T19:45:03.666374+00:00,ionq,qpu.forte-enterprise-1,36,0,,,
2026-07-01T02:45:05.522664+00:00,ibm,ibm_fez,156,True,0,0.04288,0.02081
2026-07-01T02:45:05.522664+00:00,ibm,ibm_marrakesh,156,True,1218,0.05619,0.02838
2026-07-01T02:45:05.522664+00:00,ibm,ibm_kingston,156,True,34,0.03818,0.02028
2026-07-01T02:45:05.522664+00:00,ionq,qpu.forte-1,36,1,,,
2026-07-01T02:45:05.522664+00:00,ionq,simulator,29,1,,,
2026-07-01T02:45:05.522664+00:00,ionq,qpu.aria-1,25,0,,,
2026-07-01T02:45:05.522664+00:00,ionq,qpu.aria-2,25,0,,,
2026-07-01T02:45:05.522664+00:00,ionq,qpu.harmony,11,0,,,
2026-07-01T02:45:05.522664+00:00,ionq,qpu.forte-enterprise-1,36,0,,,
2026-07-01T09:32:50.690923+00:00,ibm,ibm_fez,156,True,10,0.04288,0.02081
2026-07-01T09:32:50.690923+00:00,ibm,ibm_marrakesh,156,True,1154,0.05619,0.02838
2026-07-01T09:32:50.690923+00:00,ibm,ibm_kingston,156,True,9,0.03683,0.02235
2026-07-01T09:32:50.690923+00:00,ionq,qpu.forte-1,36,1,,,
2026-07-01T09:32:50.690923+00:00,ionq,simulator,29,1,,,
2026-07-01T09:32:50.690923+00:00,ionq,qpu.aria-1,25,0,,,
2026-07-01T09:32:50.690923+00:00,ionq,qpu.aria-2,25,0,,,
2026-07-01T09:32:50.690923+00:00,ionq,qpu.harmony,11,0,,,
2026-07-01T09:32:50.690923+00:00,ionq,qpu.forte-enterprise-1,36,0,,,
2026-07-01T14:14:46.085943+00:00,ibm,ibm_fez,156,True,62,0.04288,0.02057
2026-07-01T14:14:46.085943+00:00,ibm,ibm_marrakesh,156,True,1087,0.05619,0.02838
2026-07-01T14:14:46.085943+00:00,ibm,ibm_kingston,156,True,25,0.03683,0.02235
2026-07-01T14:14:46.085943+00:00,ionq,qpu.forte-1,36,1,,,
2026-07-01T14:14:46.085943+00:00,ionq,simulator,29,1,,,
2026-07-01T14:14:46.085943+00:00,ionq,qpu.aria-1,25,0,,,
2026-07-01T14:14:46.085943+00:00,ionq,qpu.aria-2,25,0,,,
2026-07-01T14:14:46.085943+00:00,ionq,qpu.harmony,11,0,,,
2026-07-01T14:14:46.085943+00:00,ionq,qpu.forte-enterprise-1,36,0,,,
2026-07-01T19:42:33.934498+00:00,ibm,ibm_fez,156,True,2,0.04526,0.02121
2026-07-01T19:42:33.934498+00:00,ibm,ibm_marrakesh,156,True,1060,0.05619,0.02838
2026-07-01T19:42:33.934498+00:00,ibm,ibm_kingston,156,True,112,0.03683,0.02004
2026-07-01T19:42:33.934498+00:00,ionq,qpu.forte-1,36,1,,,
2026-07-01T19:42:33.934498+00:00,ionq,simulator,29,1,,,
2026-07-01T19:42:33.934498+00:00,ionq,qpu.aria-1,25,0,,,
2026-07-01T19:42:33.934498+00:00,ionq,qpu.aria-2,25,0,,,
2026-07-01T19:42:33.934498+00:00,ionq,qpu.harmony,11,0,,,
2026-07-01T19:42:33.934498+00:00,ionq,qpu.forte-enterprise-1,36,0,,,
2026-07-02T02:34:37.137849+00:00,ibm,ibm_fez,156,True,1,0.04526,0.02121
2026-07-02T02:34:37.137849+00:00,ibm,ibm_marrakesh,156,True,1,0.05616,0.02838
2026-07-02T02:34:37.137849+00:00,ibm,ibm_kingston,156,True,414,0.03683,0.02004
2026-07-02T02:34:37.137849+00:00,ionq,qpu.forte-1,36,1,,,
2026-07-02T02:34:37.137849+00:00,ionq,simulator,29,1,,,
2026-07-02T02:34:37.137849+00:00,ionq,qpu.aria-1,25,0,,,
2026-07-02T02:34:37.137849+00:00,ionq,qpu.aria-2,25,0,,,
2026-07-02T02:34:37.137849+00:00,ionq,qpu.harmony,11,0,,,
2026-07-02T02:34:37.137849+00:00,ionq,qpu.forte-enterprise-1,36,0,,,
2026-07-02T08:44:35.296857+00:00,ibm,ibm_fez,156,True,1,0.0447,0.02121
2026-07-02T08:44:35.296857+00:00,ibm,ibm_marrakesh,156,True,7,0.05616,0.02998
2026-07-02T08:44:35.296857+00:00,ibm,ibm_kingston,156,True,360,0.03683,0.0195
2026-07-02T08:44:35.296857+00:00,ionq,qpu.forte-1,36,1,,,
2026-07-02T08:44:35.296857+00:00,ionq,simulator,29,1,,,
2026-07-02T08:44:35.296857+00:00,ionq,qpu.aria-1,25,0,,,
2026-07-02T08:44:35.296857+00:00,ionq,qpu.aria-2,25,0,,,
2026-07-02T08:44:35.296857+00:00,ionq,qpu.harmony,11,0,,,
2026-07-02T08:44:35.296857+00:00,ionq,qpu.forte-enterprise-1,36,0,,,
2026-07-02T13:42:19.600757+00:00,ibm,ibm_fez,156,True,49,0.0447,0.01987
2026-07-02T13:42:19.600757+00:00,ibm,ibm_marrakesh,156,True,59,0.05616,0.02998
2026-07-02T13:42:19.600757+00:00,ibm,ibm_kingston,156,True,333,0.03683,0.0195
2026-07-02T13:42:19.600757+00:00,ionq,qpu.forte-1,36,1,,,
2026-07-02T13:42:19.600757+00:00,ionq,simulator,29,1,,,
2026-07-02T13:42:19.600757+00:00,ionq,qpu.aria-1,25,0,,,
2026-07-02T13:42:19.600757+00:00,ionq,qpu.aria-2,25,0,,,
2026-07-02T13:42:19.600757+00:00,ionq,qpu.harmony,11,0,,,
2026-07-02T13:42:19.600757+00:00,ionq,qpu.forte-enterprise-1,36,0,,,
2026-07-02T19:13:02.141965+00:00,ibm,ibm_fez,156,True,196,0.0447,0.01987
2026-07-02T19:13:02.141965+00:00,ibm,ibm_marrakesh,156,True,138,0.05616,0.02998
2026-07-02T19:13:02.141965+00:00,ibm,ibm_kingston,156,True,195,0.03703,0.0195
2026-07-02T19:13:02.141965+00:00,ionq,qpu.forte-1,36,1,,,
2026-07-02T19:13:02.141965+00:00,ionq,simulator,29,1,,,
2026-07-02T19:13:02.141965+00:00,ionq,qpu.aria-1,25,0,,,
2026-07-02T19:13:02.141965+00:00,ionq,qpu.aria-2,25,0,,,
2026-07-02T19:13:02.141965+00:00,ionq,qpu.harmony,11,0,,,
2026-07-02T19:13:02.141965+00:00,ionq,qpu.forte-enterprise-1,36,0,,,
2026-07-03T02:10:01.985632+00:00,ibm,ibm_fez,156,True,172,0.0447,0.01713
2026-07-03T02:10:01.985632+00:00,ibm,ibm_marrakesh,156,True,200,0.05884,0.03135
2026-07-03T02:10:01.985632+00:00,ibm,ibm_kingston,156,True,22,0.03703,0.0199
2026-07-03T02:10:01.985632+00:00,ionq,qpu.forte-1,36,1,,,
2026-07-03T02:10:01.985632+00:00,ionq,simulator,29,1,,,
2026-07-03T02:10:01.985632+00:00,ionq,qpu.aria-1,25,0,,,
2026-07-03T02:10:01.985632+00:00,ionq,qpu.aria-2,25,0,,,
2026-07-03T02:10:01.985632+00:00,ionq,qpu.harmony,11,0,,,
2026-07-03T02:10:01.985632+00:00,ionq,qpu.forte-enterprise-1,36,0,,,
2026-07-03T08:52:20.498652+00:00,ibm,ibm_fez,156,True,197,0.04451,0.02003
2026-07-03T08:52:20.498652+00:00,ibm,ibm_marrakesh,156,True,9,0.05866,0.0308
2026-07-03T08:52:20.498652+00:00,ibm,ibm_kingston,156,True,13,0.03703,0.01772
2026-07-03T08:52:20.498652+00:00,ionq,qpu.forte-1,36,1,,,
2026-07-03T08:52:20.498652+00:00,ionq,simulator,29,1,,,
2026-07-03T08:52:20.498652+00:00,ionq,qpu.aria-1,25,0,,,
2026-07-03T08:52:20.498652+00:00,ionq,qpu.aria-2,25,0,,,
2026-07-03T08:52:20.498652+00:00,ionq,qpu.harmony,11,0,,,
2026-07-03T08:52:20.498652+00:00,ionq,qpu.forte-enterprise-1,36,0,,,
2026-07-03T13:47:26.049285+00:00,ibm,ibm_fez,156,True,194,0.04451,0.02003
2026-07-03T13:47:26.049285+00:00,ibm,ibm_marrakesh,156,True,4,0.05866,0.03031
2026-07-03T13:47:26.049285+00:00,ibm,ibm_kingston,156,True,544,0.03703,0.01944
2026-07-03T13:47:26.049285+00:00,ionq,qpu.forte-1,36,1,,,
2026-07-03T13:47:26.049285+00:00,ionq,simulator,29,1,,,
2026-07-03T13:47:26.049285+00:00,ionq,qpu.aria-1,25,0,,,
2026-07-03T13:47:26.049285+00:00,ionq,qpu.aria-2,25,0,,,
2026-07-03T13:47:26.049285+00:00,ionq,qpu.harmony,11,0,,,
2026-07-03T13:47:26.049285+00:00,ionq,qpu.forte-enterprise-1,36,0,,,
2026-07-03T20:56:29.375985+00:00,ibm,ibm_fez,156,True,276,0.04451,0.01992,121.4,89.1,"cz,delay,id,if_else,measure,reset,rz,sx,x",352,0.0146,1.0,100000,,
2026-07-03T20:56:29.375985+00:00,ibm,ibm_marrakesh,156,True,75,0.05642,0.03872,166.8,81.5,"cz,delay,id,if_else,measure,reset,rz,sx,x",352,0.0146,1.0,100000,,
2026-07-03T20:56:29.375985+00:00,ibm,ibm_kingston,156,True,658,0.03675,0.01944,223.5,139.8,"cz,delay,id,if_else,measure,measure_2,reset,rz,sx,x",352,0.0146,0.994,100000,,
2026-07-03T20:56:29.375985+00:00,ionq,qpu.forte-1,36,1,,,,,,,,,,,,
2026-07-03T20:56:29.375985+00:00,ionq,simulator,29,1,,,,,,,,,,,,
2026-07-03T20:56:29.375985+00:00,ionq,qpu.aria-1,25,0,,,,,,,,,,,,
2026-07-03T20:56:29.375985+00:00,ionq,qpu.aria-2,25,0,,,,,,,,,,,,
2026-07-03T20:56:29.375985+00:00,ionq,qpu.harmony,11,0,,,,,,,,,,,,
2026-07-03T20:56:29.375985+00:00,ionq,qpu.forte-enterprise-1,36,0,,,,,,,,,,,,
2026-07-03T20:56:29.375985+00:00,braket/ionq,Aria 1,25,0,,,,,,,,,,,,
2026-07-03T20:56:29.375985+00:00,braket/quera,Aquila,256,1,,,,,,,,,,,,
2026-07-03T20:56:29.375985+00:00,braket/ionq,Harmony,11,0,,,,,,,,,,,,
2026-07-03T20:56:29.375985+00:00,braket/amazon braket,TN1,50,0,,,,,,,,,,,,
2026-07-03T20:56:29.375985+00:00,braket/ionq,Aria 2,25,0,,,,,,,,,,,,
2026-07-03T20:56:29.375985+00:00,braket/amazon braket,SV1,34,1,,,,,,,,,,,,
2026-07-03T20:56:29.375985+00:00,braket/xanadu,Borealis,,0,,,,,,,,,,,,
2026-07-03T20:56:29.375985+00:00,braket/amazon braket,dm1,17,1,,,,,,,,,,,,
2026-07-03T20:56:29.375985+00:00,braket/ionq,Forte 1,36,1,,,,,,,,,,,,
2026-07-03T20:56:29.375985+00:00,braket/ionq,Forte Enterprise 1,36,0,,,,,,,,,,,,
2026-07-03T22:57:03.671001+00:00,ibm,ibm_fez,156,True,361,0.04451,0.01992,121.4,89.1,"cz,delay,id,if_else,measure,reset,rz,sx,x",352,0.0146,1.0,100000,,
2026-07-03T22:57:03.671001+00:00,ibm,ibm_marrakesh,156,True,130,0.05642,0.03872,166.8,81.5,"cz,delay,id,if_else,measure,reset,rz,sx,x",352,0.0146,1.0,100000,,
2026-07-03T22:57:03.671001+00:00,ibm,ibm_kingston,156,True,253,0.03675,0.01944,223.5,139.8,"cz,delay,id,if_else,measure,measure_2,reset,rz,sx,x",352,0.0146,0.994,100000,,
2026-07-03T22:57:03.671001+00:00,ionq,qpu.forte-1,36,1,,,,,,,,,,,,
2026-07-03T22:57:03.671001+00:00,ionq,simulator,29,1,,,,,,,,,,,,
2026-07-03T22:57:03.671001+00:00,ionq,qpu.aria-1,25,0,,,,,,,,,,,,
2026-07-03T22:57:03.671001+00:00,ionq,qpu.aria-2,25,0,,,,,,,,,,,,
2026-07-03T22:57:03.671001+00:00,ionq,qpu.harmony,11,0,,,,,,,,,,,,
2026-07-03T22:57:03.671001+00:00,ionq,qpu.forte-enterprise-1,36,0,,,,,,,,,,,,
2026-07-03T22:57:03.671001+00:00,braket/ionq,Aria 1,25,0,,,,,,,,,,,,
2026-07-03T22:57:03.671001+00:00,braket/quera,Aquila,256,1,,,,,,,,,,,,
2026-07-03T22:57:03.671001+00:00,braket/ionq,Harmony,11,0,,,,,,,,,,,,
2026-07-03T22:57:03.671001+00:00,braket/amazon braket,TN1,50,0,,,,,,,,,,,,
2026-07-03T22:57:03.671001+00:00,braket/ionq,Aria 2,25,0,,,,,,,,,,,,
2026-07-03T22:57:03.671001+00:00,braket/amazon braket,SV1,34,1,,,,,,,,,,,,
2026-07-03T22:57:03.671001+00:00,braket/xanadu,Borealis,,0,,,,,,,,,,,,
2026-07-03T22:57:03.671001+00:00,braket/amazon braket,dm1,17,1,,,,,,,,,,,,
2026-07-03T22:57:03.671001+00:00,braket/ionq,Forte 1,36,1,,,,,,,,,,,,
2026-07-03T22:57:03.671001+00:00,braket/ionq,Forte Enterprise 1,36,0,,,,,,,,,,,,
2026-07-04T02:10:32.924516+00:00,ibm,ibm_fez,156,True,124,0.04451,0.01992,121.4,89.1,"cz,delay,id,if_else,measure,reset,rz,sx,x",352,0.0146,1.0,100000,,
2026-07-04T02:10:32.924516+00:00,ibm,ibm_marrakesh,156,True,1,0.05642,0.03054,166.8,81.5,"cz,delay,id,if_else,measure,reset,rz,sx,x",352,0.0146,1.0,100000,,
2026-07-04T02:10:32.924516+00:00,ibm,ibm_kingston,156,True,258,0.03675,0.01944,223.5,139.8,"cz,delay,id,if_else,measure,measure_2,reset,rz,sx,x",352,0.0146,0.994,100000,,
2026-07-04T02:10:32.924516+00:00,ionq,qpu.forte-1,36,1,,,,,,,,,,,,
2026-07-04T02:10:32.924516+00:00,ionq,simulator,29,1,,,,,,,,,,,,
2026-07-04T02:10:32.924516+00:00,ionq,qpu.aria-1,25,0,,,,,,,,,,,,
2026-07-04T02:10:32.924516+00:00,ionq,qpu.aria-2,25,0,,,,,,,,,,,,
2026-07-04T02:10:32.924516+00:00,ionq,qpu.harmony,11,0,,,,,,,,,,,,
2026-07-04T02:10:32.924516+00:00,ionq,qpu.forte-enterprise-1,36,0,,,,,,,,,,,,
2026-07-04T02:10:32.924516+00:00,braket/ionq,Aria 1,25,0,,,,,,,,,,,,
2026-07-04T02:10:32.924516+00:00,braket/quera,Aquila,256,1,,,,,,,,,,,,
2026-07-04T02:10:32.924516+00:00,braket/ionq,Harmony,11,0,,,,,,,,,,,,
2026-07-04T02:10:32.924516+00:00,braket/amazon braket,TN1,50,0,,,,,,,,,,,,
2026-07-04T02:10:32.924516+00:00,braket/ionq,Aria 2,25,0,,,,,,,,,,,,
2026-07-04T02:10:32.924516+00:00,braket/amazon braket,SV1,34,1,,,,,,,,,,,,
2026-07-04T02:10:32.924516+00:00,braket/xanadu,Borealis,,0,,,,,,,,,,,,
2026-07-04T02:10:32.924516+00:00,braket/amazon braket,dm1,17,1,,,,,,,,,,,,
2026-07-04T02:10:32.924516+00:00,braket/ionq,Forte 1,36,1,,,,,,,,,,,,
2026-07-04T02:10:32.924516+00:00,braket/ionq,Forte Enterprise 1,36,0,,,,,,,,,,,,
2026-07-04T06:41:44.516262+00:00,ibm,ibm_fez,156,True,31,0.04469,0.02337,122.4,89.4,"cz,delay,id,if_else,measure,reset,rz,sx,x",352,0.0146,1.0,100000,,
2026-07-04T06:41:44.516262+00:00,ibm,ibm_marrakesh,156,True,0,0.05642,0.02534,166.8,81.5,"cz,delay,id,if_else,measure,reset,rz,sx,x",352,0.0146,1.0,100000,,
2026-07-04T06:41:44.516262+00:00,ibm,ibm_kingston,156,True,211,0.03673,0.01944,223.5,139.8,"cz,delay,id,if_else,measure,measure_2,reset,rz,sx,x",352,0.0146,0.994,100000,,
2026-07-04T06:41:44.516262+00:00,ionq,qpu.forte-1,36,1,,,,,,,,,,,,
2026-07-04T06:41:44.516262+00:00,ionq,simulator,29,1,,,,,,,,,,,,
2026-07-04T06:41:44.516262+00:00,ionq,qpu.aria-1,25,0,,,,,,,,,,,,
2026-07-04T06:41:44.516262+00:00,ionq,qpu.aria-2,25,0,,,,,,,,,,,,
2026-07-04T06:41:44.516262+00:00,ionq,qpu.harmony,11,0,,,,,,,,,,,,
2026-07-04T06:41:44.516262+00:00,ionq,qpu.forte-enterprise-1,36,0,,,,,,,,,,,,
2026-07-04T06:41:44.516262+00:00,braket/ionq,Aria 1,25,0,,,,,,,,,,,,
2026-07-04T06:41:44.516262+00:00,braket/quera,Aquila,256,1,,,,,,,,,,,,
2026-07-04T06:41:44.516262+00:00,braket/ionq,Harmony,11,0,,,,,,,,,,,,
2026-07-04T06:41:44.516262+00:00,braket/amazon braket,TN1,50,0,,,,,,,,,,,,
2026-07-04T06:41:44.516262+00:00,braket/ionq,Aria 2,25,0,,,,,,,,,,,,
2026-07-04T06:41:44.516262+00:00,braket/amazon braket,SV1,34,1,,,,,,,,,,,,
2026-07-04T06:41:44.516262+00:00,braket/xanadu,Borealis,,0,,,,,,,,,,,,
2026-07-04T06:41:44.516262+00:00,braket/amazon braket,dm1,17,1,,,,,,,,,,,,
2026-07-04T06:41:44.516262+00:00,braket/ionq,Forte 1,36,1,,,,,,,,,,,,
2026-07-04T06:41:44.516262+00:00,braket/ionq,Forte Enterprise 1,36,0,,,,,,,,,,,,
2026-07-04T10:02:16.054128+00:00,ibm,ibm_fez,156,True,5,0.04505,0.01939,122.4,89.4,"cz,delay,id,if_else,measure,reset,rz,sx,x",352,0.0146,1.0,100000,,
2026-07-04T10:02:16.054128+00:00,ibm,ibm_marrakesh,156,True,18,0.05642,0.02534,166.8,81.5,"cz,delay,id,if_else,measure,reset,rz,sx,x",352,0.0146,1.0,100000,,
2026-07-04T10:02:16.054128+00:00,ibm,ibm_kingston,156,True,200,0.03673,0.01724,223.5,139.8,"cz,delay,id,if_else,measure,measure_2,reset,rz,sx,x",352,0.0146,0.994,100000,,
2026-07-04T10:02:16.054128+00:00,ionq,qpu.forte-1,36,1,,,,,,,,,,,,
2026-07-04T10:02:16.054128+00:00,ionq,simulator,29,1,,,,,,,,,,,,
2026-07-04T10:02:16.054128+00:00,ionq,qpu.aria-1,25,0,,,,,,,,,,,,
2026-07-04T10:02:16.054128+00:00,ionq,qpu.aria-2,25,0,,,,,,,,,,,,
2026-07-04T10:02:16.054128+00:00,ionq,qpu.harmony,11,0,,,,,,,,,,,,
2026-07-04T10:02:16.054128+00:00,ionq,qpu.forte-enterprise-1,36,0,,,,,,,,,,,,
2026-07-04T10:02:16.054128+00:00,braket/ionq,Aria 1,25,0,,,,,,,,,,,,
2026-07-04T10:02:16.054128+00:00,braket/quera,Aquila,256,1,,,,,,,,,,,,
2026-07-04T10:02:16.054128+00:00,braket/ionq,Harmony,11,0,,,,,,,,,,,,
2026-07-04T10:02:16.054128+00:00,braket/amazon braket,TN1,50,0,,,,,,,,,,,,
2026-07-04T10:02:16.054128+00:00,braket/ionq,Aria 2,25,0,,,,,,,,,,,,
2026-07-04T10:02:16.054128+00:00,braket/amazon braket,SV1,34,1,,,,,,,,,,,,
2026-07-04T10:02:16.054128+00:00,braket/xanadu,Borealis,,0,,,,,,,,,,,,
2026-07-04T10:02:16.054128+00:00,braket/amazon braket,dm1,17,1,,,,,,,,,,,,
2026-07-04T10:02:16.054128+00:00,braket/ionq,Forte 1,36,1,,,,,,,,,,,,
2026-07-04T10:02:16.054128+00:00,braket/ionq,Forte Enterprise 1,36,0,,,,,,,,,,,,
2026-07-04T13:07:04.505418+00:00,ibm,ibm_fez,156,True,15,0.04505,0.01939,122.4,89.4,"cz,delay,id,if_else,measure,reset,rz,sx,x",352,0.0146,1.0,100000,,
2026-07-04T13:07:04.505418+00:00,ibm,ibm_marrakesh,156,True,26,0.05642,0.02534,166.8,81.5,"cz,delay,id,if_else,measure,reset,rz,sx,x",352,0.0146,1.0,100000,,
2026-07-04T13:07:04.505418+00:00,ibm,ibm_kingston,156,True,204,0.03673,0.01724,223.5,139.8,"cz,delay,id,if_else,measure,measure_2,reset,rz,sx,x",352,0.0146,0.994,100000,,
2026-07-04T13:07:04.505418+00:00,ionq,qpu.forte-1,36,1,,,,,,,,,,,,
2026-07-04T13:07:04.505418+00:00,ionq,simulator,29,1,,,,,,,,,,,,
2026-07-04T13:07:04.505418+00:00,ionq,qpu.aria-1,25,0,,,,,,,,,,,,
2026-07-04T13:07:04.505418+00:00,ionq,qpu.aria-2,25,0,,,,,,,,,,,,
2026-07-04T13:07:04.505418+00:00,ionq,qpu.harmony,11,0,,,,,,,,,,,,
2026-07-04T13:07:04.505418+00:00,ionq,qpu.forte-enterprise-1,36,0,,,,,,,,,,,,
2026-07-04T13:07:04.505418+00:00,braket/ionq,Aria 1,25,0,,,,,,,,,,,,
2026-07-04T13:07:04.505418+00:00,braket/quera,Aquila,256,1,,,,,,,,,,,,
2026-07-04T13:07:04.505418+00:00,braket/ionq,Harmony,11,0,,,,,,,,,,,,
2026-07-04T13:07:04.505418+00:00,braket/amazon braket,TN1,50,0,,,,,,,,,,,,
2026-07-04T13:07:04.505418+00:00,braket/ionq,Aria 2,25,0,,,,,,,,,,,,
2026-07-04T13:07:04.505418+00:00,braket/amazon braket,SV1,34,1,,,,,,,,,,,,
2026-07-04T13:07:04.505418+00:00,braket/xanadu,Borealis,,0,,,,,,,,,,,,
2026-07-04T13:07:04.505418+00:00,braket/amazon braket,dm1,17,1,,,,,,,,,,,,
2026-07-04T13:07:04.505418+00:00,braket/ionq,Forte 1,36,1,,,,,,,,,,,,
2026-07-04T13:07:04.505418+00:00,braket/ionq,Forte Enterprise 1,36,0,,,,,,,,,,,,
2026-07-04T15:00:08.099540+00:00,ibm,ibm_fez,156,True,11,0.04505,0.01939,122.4,89.4,"cz,delay,id,if_else,measure,reset,rz,sx,x",352,0.0146,1.0,100000,,
2026-07-04T15:00:08.099540+00:00,ibm,ibm_marrakesh,156,True,29,0.05642,0.02837,166.8,81.5,"cz,delay,id,if_else,measure,reset,rz,sx,x",352,0.0146,1.0,100000,,
2026-07-04T15:00:08.099540+00:00,ibm,ibm_kingston,156,True,204,0.03673,0.01876,248.2,148.5,"cz,delay,id,if_else,measure,measure_2,reset,rz,sx,x",352,0.0146,0.994,100000,,
2026-07-04T15:00:08.099540+00:00,ionq,qpu.forte-1,36,1,,,,,,,,,,,,
2026-07-04T15:00:08.099540+00:00,ionq,simulator,29,1,,,,,,,,,,,,
2026-07-04T15:00:08.099540+00:00,ionq,qpu.aria-1,25,0,,,,,,,,,,,,
2026-07-04T15:00:08.099540+00:00,ionq,qpu.aria-2,25,0,,,,,,,,,,,,
2026-07-04T15:00:08.099540+00:00,ionq,qpu.harmony,11,0,,,,,,,,,,,,
2026-07-04T15:00:08.099540+00:00,ionq,qpu.forte-enterprise-1,36,0,,,,,,,,,,,,
2026-07-04T15:00:08.099540+00:00,braket/ionq,Aria 1,25,0,,,,,,,,,,,,
2026-07-04T15:00:08.099540+00:00,braket/quera,Aquila,256,1,,,,,,,,,,,,
2026-07-04T15:00:08.099540+00:00,braket/ionq,Harmony,11,0,,,,,,,,,,,,
2026-07-04T15:00:08.099540+00:00,braket/amazon braket,TN1,50,0,,,,,,,,,,,,
2026-07-04T15:00:08.099540+00:00,braket/ionq,Aria 2,25,0,,,,,,,,,,,,
2026-07-04T15:00:08.099540+00:00,braket/amazon braket,SV1,34,1,,,,,,,,,,,,
2026-07-04T15:00:08.099540+00:00,braket/xanadu,Borealis,,0,,,,,,,,,,,,
2026-07-04T15:00:08.099540+00:00,braket/amazon braket,dm1,17,1,,,,,,,,,,,,
2026-07-04T15:00:08.099540+00:00,braket/ionq,Forte 1,36,1,,,,,,,,,,,,
2026-07-04T15:00:08.099540+00:00,braket/ionq,Forte Enterprise 1,36,0,,,,,,,,,,,,
2026-07-04T16:56:43.717722+00:00,ibm,ibm_fez,156,True,17,0.04505,0.01939,122.4,89.4,"cz,delay,id,if_else,measure,reset,rz,sx,x",352,0.0146,1.0,100000,,
2026-07-04T16:56:43.717722+00:00,ibm,ibm_marrakesh,156,True,37,0.05642,0.02551,141.9,79.6,"cz,delay,id,if_else,measure,reset,rz,sx,x",352,0.0146,1.0,100000,,
2026-07-04T16:56:43.717722+00:00,ibm,ibm_kingston,156,True,111,0.03673,0.01876,248.2,148.5,"cz,delay,id,if_else,measure,measure_2,reset,rz,sx,x",352,0.0146,0.994,100000,,
2026-07-04T16:56:43.717722+00:00,ionq,qpu.forte-1,36,1,,,,,,,,,,,,
2026-07-04T16:56:43.717722+00:00,ionq,simulator,29,1,,,,,,,,,,,,
2026-07-04T16:56:43.717722+00:00,ionq,qpu.aria-1,25,0,,,,,,,,,,,,
2026-07-04T16:56:43.717722+00:00,ionq,qpu.aria-2,25,0,,,,,,,,,,,,
2026-07-04T16:56:43.717722+00:00,ionq,qpu.harmony,11,0,,,,,,,,,,,,
2026-07-04T16:56:43.717722+00:00,ionq,qpu.forte-enterprise-1,36,0,,,,,,,,,,,,
2026-07-04T16:56:43.717722+00:00,braket/ionq,Aria 1,25,0,,,,,,,,,,,,
2026-07-04T16:56:43.717722+00:00,braket/quera,Aquila,256,1,,,,,,,,,,,,
2026-07-04T16:56:43.717722+00:00,braket/ionq,Harmony,11,0,,,,,,,,,,,,
2026-07-04T16:56:43.717722+00:00,braket/amazon braket,TN1,50,0,,,,,,,,,,,,
2026-07-04T16:56:43.717722+00:00,braket/ionq,Aria 2,25,0,,,,,,,,,,,,
2026-07-04T16:56:43.717722+00:00,braket/amazon braket,SV1,34,1,,,,,,,,,,,,
2026-07-04T16:56:43.717722+00:00,braket/xanadu,Borealis,,0,,,,,,,,,,,,
2026-07-04T16:56:43.717722+00:00,braket/amazon braket,dm1,17,1,,,,,,,,,,,,
2026-07-04T16:56:43.717722+00:00,braket/ionq,Forte 1,36,1,,,,,,,,,,,,
2026-07-04T16:56:43.717722+00:00,braket/ionq,Forte Enterprise 1,36,0,,,,,,,,,,,,
2026-07-04T19:00:17.770937+00:00,ibm,ibm_fez,156,True,29,0.04505,0.02357,122.4,89.4,"cz,delay,id,if_else,measure,reset,rz,sx,x",352,0.0146,1.0,100000,,,Heron r2,1.3.37,2024-05-14T04:00:00+00:00,2026-07-04T17:28:46+00:00,4.0,68.2,1700.0,0.029176,0.018336,0.25,320000,300,
2026-07-04T19:00:17.770937+00:00,ibm,ibm_marrakesh,156,True,46,0.05642,0.02551,141.9,79.6,"cz,delay,id,if_else,measure,reset,rz,sx,x",352,0.0146,1.0,100000,,,Heron r2,1.0.21,2024-08-07T04:00:00+00:00,2026-07-04T18:12:40+00:00,4.0,68.8,2180.0,0.032408,0.018617,0.25,300000,300,
2026-07-04T19:00:17.770937+00:00,ibm,ibm_kingston,156,True,22,0.03652,0.01809,248.2,148.5,"cz,delay,id,if_else,measure,measure_2,reset,rz,sx,x",352,0.0146,0.994,100000,,,Heron r2,1.0.0,2025-02-20T05:00:00+00:00,2026-07-04T18:28:55+00:00,4.0,68.4,2180.0,0.025647,0.010767,0.25,340000,300,
2026-07-04T19:00:17.770937+00:00,ionq,qpu.forte-1,36,1,,,,,,,,,,,,,,,,,,,,,,,,,
2026-07-04T19:00:17.770937+00:00,ionq,simulator,29,1,,,,,,,,,,,,,,,,,,,,,,,,,
2026-07-04T19:00:17.770937+00:00,ionq,qpu.aria-1,25,0,,,,,,,,,,,,,,,,,,,,,,,,,
2026-07-04T19:00:17.770937+00:00,ionq,qpu.aria-2,25,0,,,,,,,,,,,,,,,,,,,,,,,,,
2026-07-04T19:00:17.770937+00:00,ionq,qpu.harmony,11,0,,,,,,,,,,,,,,,,,,,,,,,,,
2026-07-04T19:00:17.770937+00:00,ionq,qpu.forte-enterprise-1,36,0,,,,,,,,,,,,,,,,,,,,,,,,,
2026-07-04T19:00:17.770937+00:00,braket/ionq,Aria 1,25,0,,,,,,,,,,,,,,,,,,,,,,,,,
2026-07-04T19:00:17.770937+00:00,braket/quera,Aquila,256,1,,,,,,,,,,,,,,,,,,,,,,,,,
2026-07-04T19:00:17.770937+00:00,braket/ionq,Harmony,11,0,,,,,,,,,,,,,,,,,,,,,,,,,
2026-07-04T19:00:17.770937+00:00,braket/amazon braket,TN1,50,0,,,,,,,,,,,,,,,,,,,,,,,,,
2026-07-04T19:00:17.770937+00:00,braket/ionq,Aria 2,25,0,,,,,,,,,,,,,,,,,,,,,,,,,
2026-07-04T19:00:17.770937+00:00,braket/amazon braket,SV1,34,1,,,,,,,,,,,,,,,,,,,,,,,,,
2026-07-04T19:00:17.770937+00:00,braket/xanadu,Borealis,,0,,,,,,,,,,,,,,,,,,,,,,,,,
2026-07-04T19:00:17.770937+00:00,braket/amazon braket,dm1,17,1,,,,,,,,,,,,,,,,,,,,,,,,,
2026-07-04T19:00:17.770937+00:00,braket/ionq,Forte 1,36,1,,,,,,,,,,,,,,,,,,,,,,,,,
2026-07-04T19:00:17.770937+00:00,braket/ionq,Forte Enterprise 1,36,0,,,,,,,,,,,,,,,,,,,,,,,,,
2026-07-04T20:46:32.358329+00:00,ibm,ibm_fez,156,True,11,0.04505,0.02357,122.4,89.4,"cz,delay,id,if_else,measure,reset,rz,sx,x",352,0.0146,1.0,100000,,,Heron r2,1.3.37,2024-05-14T04:00:00+00:00,2026-07-04T20:32:13+00:00,4.0,68.2,1700.0,0.029176,0.018336,0.25,320000,300,
2026-07-04T20:46:32.358329+00:00,ibm,ibm_marrakesh,156,True,60,0.05626,0.02551,141.9,79.6,"cz,delay,id,if_else,measure,reset,rz,sx,x",352,0.0146,1.0,100000,,,Heron r2,1.0.21,2024-08-07T04:00:00+00:00,2026-07-04T19:24:50+00:00,4.0,68.8,2180.0,0.032408,0.018617,0.25,300000,300,
2026-07-04T20:46:32.358329+00:00,ibm,ibm_kingston,156,True,16,0.03652,0.01809,248.2,148.5,"cz,delay,id,if_else,measure,measure_2,reset,rz,sx,x",352,0.0146,0.994,100000,,,Heron r2,1.0.0,2025-02-20T05:00:00+00:00,2026-07-04T20:15:04+00:00,4.0,68.4,2180.0,0.025647,0.010767,0.25,340000,300,
2026-07-04T20:46:32.358329+00:00,ionq,qpu.forte-1,36,1,,,,,,,,,,,,,,,,,,,,,,,,,
2026-07-04T20:46:32.358329+00:00,ionq,simulator,29,1,,,,,,,,,,,,,,,,,,,,,,,,,
2026-07-04T20:46:32.358329+00:00,ionq,qpu.aria-1,25,0,,,,,,,,,,,,,,,,,,,,,,,,,
2026-07-04T20:46:32.358329+00:00,ionq,qpu.aria-2,25,0,,,,,,,,,,,,,,,,,,,,,,,,,
2026-07-04T20:46:32.358329+00:00,ionq,qpu.harmony,11,0,,,,,,,,,,,,,,,,,,,,,,,,,
2026-07-04T20:46:32.358329+00:00,ionq,qpu.forte-enterprise-1,36,0,,,,,,,,,,,,,,,,,,,,,,,,,
2026-07-04T20:46:32.358329+00:00,braket/ionq,Aria 1,25,0,,,,,,,,,,,,,,,,,,,,,,,,,
2026-07-04T20:46:32.358329+00:00,braket/quera,Aquila,256,1,,,,,,,,,,,,,,,,,,,,,,,,,
2026-07-04T20:46:32.358329+00:00,braket/ionq,Harmony,11,0,,,,,,,,,,,,,,,,,,,,,,,,,
2026-07-04T20:46:32.358329+00:00,braket/amazon braket,TN1,50,0,,,,,,,,,,,,,,,,,,,,,,,,,
2026-07-04T20:46:32.358329+00:00,braket/ionq,Aria 2,25,0,,,,,,,,,,,,,,,,,,,,,,,,,
2026-07-04T20:46:32.358329+00:00,braket/amazon braket,SV1,34,1,,,,,,,,,,,,,,,,,,,,,,,,,
2026-07-04T20:46:32.358329+00:00,braket/xanadu,Borealis,,0,,,,,,,,,,,,,,,,,,,,,,,,,
2026-07-04T20:46:32.358329+00:00,braket/amazon braket,dm1,17,1,,,,,,,,,,,,,,,,,,,,,,,,,
2026-07-04T20:46:32.358329+00:00,braket/ionq,Forte 1,36,1,,,,,,,,,,,,,,,,,,,,,,,,,
2026-07-04T20:46:32.358329+00:00,braket/ionq,Forte Enterprise 1,36,0,,,,,,,,,,,,,,,,,,,,,,,,,
2026-07-04T22:51:45.064644+00:00,ibm,ibm_fez,156,True,3,0.04505,0.02357,122.4,89.4,"cz,delay,id,if_else,measure,reset,rz,sx,x",352,0.0146,1.0,100000,,,Heron r2,1.3.37,2024-05-14T04:00:00+00:00,2026-07-04T21:57:31+00:00,4.0,68.2,1700.0,0.029176,0.018336,0.25,320000,300,
2026-07-04T22:51:45.064644+00:00,ibm,ibm_marrakesh,156,True,70,0.05372,0.02551,141.9,79.6,"cz,delay,id,if_else,measure,reset,rz,sx,x",352,0.0146,1.0,100000,,,Heron r2,1.0.21,2024-08-07T04:00:00+00:00,2026-07-04T21:07:19+00:00,4.0,68.8,2180.0,0.032408,0.018617,0.25,300000,300,
2026-07-04T22:51:45.064644+00:00,ibm,ibm_kingston,156,True,20,0.03652,0.01809,248.2,148.5,"cz,delay,id,if_else,measure,measure_2,reset,rz,sx,x",352,0.0146,0.994,100000,,,Heron r2,1.0.0,2025-02-20T05:00:00+00:00,2026-07-04T21:35:04+00:00,4.0,68.4,2180.0,0.025647,0.010767,0.25,340000,300,
2026-07-04T22:51:45.064644+00:00,ionq,qpu.forte-1,36,1,,,,,,,,,,,,,,,,,,,,,,,,,
2026-07-04T22:51:45.064644+00:00,ionq,simulator,29,1,,,,,,,,,,,,,,,,,,,,,,,,,
2026-07-04T22:51:45.064644+00:00,ionq,qpu.aria-1,25,0,,,,,,,,,,,,,,,,,,,,,,,,,
2026-07-04T22:51:45.064644+00:00,ionq,qpu.aria-2,25,0,,,,,,,,,,,,,,,,,,,,,,,,,
2026-07-04T22:51:45.064644+00:00,ionq,qpu.harmony,11,0,,,,,,,,,,,,,,,,,,,,,,,,,
2026-07-04T22:51:45.064644+00:00,ionq,qpu.forte-enterprise-1,36,0,,,,,,,,,,,,,,,,,,,,,,,,,
2026-07-04T22:51:45.064644+00:00,braket/ionq,Aria 1,25,0,,,,,,,,,,,,,,,,,,,,,,,,,
2026-07-04T22:51:45.064644+00:00,braket/quera,Aquila,256,1,,,,,,,,,,,,,,,,,,,,,,,,,
2026-07-04T22:51:45.064644+00:00,braket/ionq,Harmony,11,0,,,,,,,,,,,,,,,,,,,,,,,,,
2026-07-04T22:51:45.064644+00:00,braket/amazon braket,TN1,50,0,,,,,,,,,,,,,,,,,,,,,,,,,
2026-07-04T22:51:45.064644+00:00,braket/ionq,Aria 2,25,0,,,,,,,,,,,,,,,,,,,,,,,,,
2026-07-04T22:51:45.064644+00:00,braket/amazon braket,SV1,34,1,,,,,,,,,,,,,,,,,,,,,,,,,
2026-07-04T22:51:45.064644+00:00,braket/xanadu,Borealis,,0,,,,,,,,,,,,,,,,,,,,,,,,,
2026-07-04T22:51:45.064644+00:00,braket/amazon braket,dm1,17,1,,,,,,,,,,,,,,,,,,,,,,,,,
2026-07-04T22:51:45.064644+00:00,braket/ionq,Forte 1,36,1,,,,,,,,,,,,,,,,,,,,,,,,,
2026-07-04T22:51:45.064644+00:00,braket/ionq,Forte Enterprise 1,36,0,,,,,,,,,,,,,,,,,,,,,,,,,
2026-07-05T02:26:01.672371+00:00,ibm,ibm_fez,156,True,4,0.04505,0.02051,122.4,89.4,"cz,delay,id,if_else,measure,reset,rz,sx,x",352,0.0146,1.0,100000,,,Heron r2,1.3.37,2024-05-14T04:00:00+00:00,2026-07-05T02:07:48+00:00,4.0,68.2,1700.0,0.028723,0.01272,0.25,320000,300,
2026-07-05T02:26:01.672371+00:00,ibm,ibm_marrakesh,156,True,85,0.05372,0.02551,141.9,79.6,"cz,delay,id,if_else,measure,reset,rz,sx,x",352,0.0146,1.0,100000,,,Heron r2,1.0.21,2024-08-07T04:00:00+00:00,2026-07-05T00:11:14+00:00,4.0,68.8,2180.0,0.032408,0.018617,0.25,300000,300,
2026-07-05T02:26:01.672371+00:00,ibm,ibm_kingston,156,True,2,0.03652,0.01817,248.2,148.5,"cz,delay,id,if_else,measure,measure_2,reset,rz,sx,x",352,0.0146,0.994,100000,,,Heron r2,1.0.0,2025-02-20T05:00:00+00:00,2026-07-05T00:37:06+00:00,4.0,68.4,2180.0,0.022491,0.013716,0.25,340000,300,
2026-07-05T02:26:01.672371+00:00,ionq,qpu.forte-1,36,1,,,,,,,,,,,,,,,,,,,,,,,,,
2026-07-05T02:26:01.672371+00:00,ionq,simulator,29,1,,,,,,,,,,,,,,,,,,,,,,,,,
2026-07-05T02:26:01.672371+00:00,ionq,qpu.aria-1,25,0,,,,,,,,,,,,,,,,,,,,,,,,,
2026-07-05T02:26:01.672371+00:00,ionq,qpu.aria-2,25,0,,,,,,,,,,,,,,,,,,,,,,,,,
2026-07-05T02:26:01.672371+00:00,ionq,qpu.harmony,11,0,,,,,,,,,,,,,,,,,,,,,,,,,
2026-07-05T02:26:01.672371+00:00,ionq,qpu.forte-enterprise-1,36,0,,,,,,,,,,,,,,,,,,,,,,,,,
2026-07-05T02:26:01.672371+00:00,braket/ionq,Aria 1,25,0,,,,,,,,,,,,,,,,,,,,,,,,,
2026-07-05T02:26:01.672371+00:00,braket/quera,Aquila,256,1,,,,,,,,,,,,,,,,,,,,,,,,,
2026-07-05T02:26:01.672371+00:00,braket/ionq,Harmony,11,0,,,,,,,,,,,,,,,,,,,,,,,,,
2026-07-05T02:26:01.672371+00:00,braket/amazon braket,TN1,50,0,,,,,,,,,,,,,,,,,,,,,,,,,
2026-07-05T02:26:01.672371+00:00,braket/ionq,Aria 2,25,0,,,,,,,,,,,,,,,,,,,,,,,,,
2026-07-05T02:26:01.672371+00:00,braket/amazon braket,SV1,34,1,,,,,,,,,,,,,,,,,,,,,,,,,
2026-07-05T02:26:01.672371+00:00,braket/xanadu,Borealis,,0,,,,,,,,,,,,,,,,,,,,,,,,,
2026-07-05T02:26:01.672371+00:00,braket/amazon braket,dm1,17,1,,,,,,,,,,,,,,,,,,,,,,,,,
2026-07-05T02:26:01.672371+00:00,braket/ionq,Forte 1,36,1,,,,,,,,,,,,,,,,,,,,,,,,,
2026-07-05T02:26:01.672371+00:00,braket/ionq,Forte Enterprise 1,36,0,,,,,,,,,,,,,,,,,,,,,,,,,
2026-07-05T07:19:16.556789+00:00,ibm,ibm_fez,156,True,5,0.04505,0.02021,130.0,102.8,"cz,delay,id,if_else,measure,reset,rz,sx,x",352,0.0146,1.0,100000,,,Heron r2,1.3.37,2024-05-14T04:00:00+00:00,2026-07-05T06:37:35+00:00,4.0,68.2,1700.0,0.025984,0.014293,0.25,320000,300,
2026-07-05T07:19:16.556789+00:00,ibm,ibm_marrakesh,156,True,101,0.05372,0.02551,141.9,79.6,"cz,delay,id,if_else,measure,reset,rz,sx,x",352,0.0146,1.0,100000,,,Heron r2,1.0.21,2024-08-07T04:00:00+00:00,2026-07-05T07:04:30+00:00,4.0,68.8,2180.0,0.032408,0.018617,0.25,300000,300,
2026-07-05T07:19:16.556789+00:00,ibm,ibm_kingston,156,True,8,0.03397,0.01906,248.2,148.5,"cz,delay,id,if_else,measure,measure_2,reset,rz,sx,x",352,0.0146,0.994,100000,,,Heron r2,1.0.0,2025-02-20T05:00:00+00:00,2026-07-05T07:05:22+00:00,4.0,68.4,2180.0,0.022383,0.015852,0.25,340000,300,
2026-07-05T07:19:16.556789+00:00,ionq,qpu.forte-1,36,1,,,,,,,,,,,,,,,,,,,,,,,,,
2026-07-05T07:19:16.556789+00:00,ionq,simulator,29,1,,,,,,,,,,,,,,,,,,,,,,,,,
2026-07-05T07:19:16.556789+00:00,ionq,qpu.aria-1,25,0,,,,,,,,,,,,,,,,,,,,,,,,,
2026-07-05T07:19:16.556789+00:00,ionq,qpu.aria-2,25,0,,,,,,,,,,,,,,,,,,,,,,,,,
2026-07-05T07:19:16.556789+00:00,ionq,qpu.harmony,11,0,,,,,,,,,,,,,,,,,,,,,,,,,
2026-07-05T07:19:16.556789+00:00,ionq,qpu.forte-enterprise-1,36,0,,,,,,,,,,,,,,,,,,,,,,,,,
2026-07-05T07:19:16.556789+00:00,braket/ionq,Aria 1,25,0,,,,,,,,,,,,,,,,,,,,,,,,,
2026-07-05T07:19:16.556789+00:00,braket/quera,Aquila,256,1,,,,,,,,,,,,,,,,,,,,,,,,,
2026-07-05T07:19:16.556789+00:00,braket/ionq,Harmony,11,0,,,,,,,,,,,,,,,,,,,,,,,,,
2026-07-05T07:19:16.556789+00:00,braket/amazon braket,TN1,50,0,,,,,,,,,,,,,,,,,,,,,,,,,
2026-07-05T07:19:16.556789+00:00,braket/ionq,Aria 2,25,0,,,,,,,,,,,,,,,,,,,,,,,,,
2026-07-05T07:19:16.556789+00:00,braket/amazon braket,SV1,34,1,,,,,,,,,,,,,,,,,,,,,,,,,
2026-07-05T07:19:16.556789+00:00,braket/xanadu,Borealis,,0,,,,,,,,,,,,,,,,,,,,,,,,,
2026-07-05T07:19:16.556789+00:00,braket/amazon braket,dm1,17,1,,,,,,,,,,,,,,,,,,,,,,,,,
2026-07-05T07:19:16.556789+00:00,braket/ionq,Forte 1,36,1,,,,,,,,,,,,,,,,,,,,,,,,,
2026-07-05T07:19:16.556789+00:00,braket/ionq,Forte Enterprise 1,36,0,,,,,,,,,,,,,,,,,,,,,,,,,
2026-07-05T10:05:39.652175+00:00,ibm,ibm_fez,156,True,3,0.04511,0.02021,130.0,102.8,"cz,delay,id,if_else,measure,reset,rz,sx,x",352,0.0146,1.0,100000,,,Heron r2,1.3.37,2024-05-14T04:00:00+00:00,2026-07-05T09:15:50+00:00,4.0,68.2,1700.0,0.025984,0.014293,0.25,320000,300,
2026-07-05T10:05:39.652175+00:00,ibm,ibm_marrakesh,156,True,1,0.05372,0.02719,141.9,79.6,"cz,delay,id,if_else,measure,reset,rz,sx,x",352,0.0146,1.0,100000,,,Heron r2,1.0.21,2024-08-07T04:00:00+00:00,2026-07-05T09:32:05+00:00,4.0,68.8,2180.0,0.0296,0.024963,0.25,300000,300,
2026-07-05T10:05:39.652175+00:00,ibm,ibm_kingston,156,True,17,0.03397,0.01954,248.2,148.5,"cz,delay,id,if_else,measure,measure_2,reset,rz,sx,x",352,0.0146,0.994,100000,,,Heron r2,1.0.0,2025-02-20T05:00:00+00:00,2026-07-05T08:28:50+00:00,4.0,68.4,2180.0,0.02401,0.015071,0.25,340000,300,
2026-07-05T10:05:39.652175+00:00,ionq,qpu.forte-1,36,1,,,,,,,,,,,,,,,,,,,,,,,,,
2026-07-05T10:05:39.652175+00:00,ionq,simulator,29,1,,,,,,,,,,,,,,,,,,,,,,,,,
2026-07-05T10:05:39.652175+00:00,ionq,qpu.aria-1,25,0,,,,,,,,,,,,,,,,,,,,,,,,,
2026-07-05T10:05:39.652175+00:00,ionq,qpu.aria-2,25,0,,,,,,,,,,,,,,,,,,,,,,,,,
2026-07-05T10:05:39.652175+00:00,ionq,qpu.harmony,11,0,,,,,,,,,,,,,,,,,,,,,,,,,
2026-07-05T10:05:39.652175+00:00,ionq,qpu.forte-enterprise-1,36,0,,,,,,,,,,,,,,,,,,,,,,,,,
2026-07-05T10:05:39.652175+00:00,braket/ionq,Aria 1,25,0,,,,,,,,,,,,,,,,,,,,,,,,,
2026-07-05T10:05:39.652175+00:00,braket/quera,Aquila,256,1,,,,,,,,,,,,,,,,,,,,,,,,,
2026-07-05T10:05:39.652175+00:00,braket/ionq,Harmony,11,0,,,,,,,,,,,,,,,,,,,,,,,,,
2026-07-05T10:05:39.652175+00:00,braket/amazon braket,TN1,50,0,,,,,,,,,,,,,,,,,,,,,,,,,
2026-07-05T10:05:39.652175+00:00,braket/ionq,Aria 2,25,0,,,,,,,,,,,,,,,,,,,,,,,,,
2026-07-05T10:05:39.652175+00:00,braket/amazon braket,SV1,34,1,,,,,,,,,,,,,,,,,,,,,,,,,
2026-07-05T10:05:39.652175+00:00,braket/xanadu,Borealis,,0,,,,,,,,,,,,,,,,,,,,,,,,,
2026-07-05T10:05:39.652175+00:00,braket/amazon braket,dm1,17,1,,,,,,,,,,,,,,,,,,,,,,,,,
2026-07-05T10:05:39.652175+00:00,braket/ionq,Forte 1,36,1,,,,,,,,,,,,,,,,,,,,,,,,,
2026-07-05T10:05:39.652175+00:00,braket/ionq,Forte Enterprise 1,36,0,,,,,,,,,,,,,,,,,,,,,,,,,
2026-07-05T13:15:45.594192+00:00,ibm,ibm_fez,156,True,2,0.04431,0.02021,130.0,102.8,"cz,delay,id,if_else,measure,reset,rz,sx,x",352,0.0146,1.0,100000,,,Heron r2,1.3.37,2024-05-14T04:00:00+00:00,2026-07-05T11:56:36+00:00,4.0,68.2,1700.0,0.025984,0.014293,0.25,320000,300,
2026-07-05T13:15:45.594192+00:00,ibm,ibm_marrakesh,156,True,1,0.05372,0.03292,141.9,79.6,"cz,delay,id,if_else,measure,reset,rz,sx,x",352,0.0146,1.0,100000,,,Heron r2,1.0.21,2024-08-07T04:00:00+00:00,2026-07-05T13:01:12+00:00,4.0,68.8,2180.0,0.031377,0.034378,0.25,300000,300,
2026-07-05T13:15:45.594192+00:00,ibm,ibm_kingston,156,True,12,0.03397,0.01954,248.2,148.5,"cz,delay,id,if_else,measure,measure_2,reset,rz,sx,x",352,0.0146,0.994,100000,,,Heron r2,1.0.0,2025-02-20T05:00:00+00:00,2026-07-05T12:54:00+00:00,4.0,68.4,2180.0,0.02401,0.015071,0.25,340000,300,
2026-07-05T13:15:45.594192+00:00,ionq,qpu.forte-1,36,1,,,,,,,,,,,,,,,,,,,,,,,,,
2026-07-05T13:15:45.594192+00:00,ionq,simulator,29,1,,,,,,,,,,,,,,,,,,,,,,,,,
2026-07-05T13:15:45.594192+00:00,ionq,qpu.aria-1,25,0,,,,,,,,,,,,,,,,,,,,,,,,,
2026-07-05T13:15:45.594192+00:00,ionq,qpu.aria-2,25,0,,,,,,,,,,,,,,,,,,,,,,,,,
2026-07-05T13:15:45.594192+00:00,ionq,qpu.harmony,11,0,,,,,,,,,,,,,,,,,,,,,,,,,
2026-07-05T13:15:45.594192+00:00,ionq,qpu.forte-enterprise-1,36,0,,,,,,,,,,,,,,,,,,,,,,,,,
2026-07-05T13:15:45.594192+00:00,braket/ionq,Aria 1,25,0,,,,,,,,,,,,,,,,,,,,,,,,,
2026-07-05T13:15:45.594192+00:00,braket/quera,Aquila,256,1,,,,,,,,,,,,,,,,,,,,,,,,,
2026-07-05T13:15:45.594192+00:00,braket/ionq,Harmony,11,0,,,,,,,,,,,,,,,,,,,,,,,,,
2026-07-05T13:15:45.594192+00:00,braket/amazon braket,TN1,50,0,,,,,,,,,,,,,,,,,,,,,,,,,
2026-07-05T13:15:45.594192+00:00,braket/ionq,Aria 2,25,0,,,,,,,,,,,,,,,,,,,,,,,,,
2026-07-05T13:15:45.594192+00:00,braket/amazon braket,SV1,34,1,,,,,,,,,,,,,,,,,,,,,,,,,
2026-07-05T13:15:45.594192+00:00,braket/xanadu,Borealis,,0,,,,,,,,,,,,,,,,,,,,,,,,,
2026-07-05T13:15:45.594192+00:00,braket/amazon braket,dm1,17,1,,,,,,,,,,,,,,,,,,,,,,,,,
2026-07-05T13:15:45.594192+00:00,braket/ionq,Forte 1,36,1,,,,,,,,,,,,,,,,,,,,,,,,,
2026-07-05T13:15:45.594192+00:00,braket/ionq,Forte Enterprise 1,36,0,,,,,,,,,,,,,,,,,,,,,,,,,
2026-07-05T15:08:17.859059+00:00,ibm,ibm_fez,156,True,1,0.04431,0.02181,130.0,102.8,"cz,delay,id,if_else,measure,reset,rz,sx,x",352,0.0146,1.0,100000,,,Heron r2,1.3.37,2024-05-14T04:00:00+00:00,2026-07-05T14:00:59+00:00,4.0,68.2,1700.0,0.02419,0.01935,0.25,320000,300,
2026-07-05T15:08:17.859059+00:00,ibm,ibm_marrakesh,156,True,1,0.05372,0.03292,141.9,79.6,"cz,delay,id,if_else,measure,reset,rz,sx,x",352,0.0146,1.0,100000,,,Heron r2,1.0.21,2024-08-07T04:00:00+00:00,2026-07-05T14:44:52+00:00,4.0,68.8,2180.0,0.031377,0.034378,0.25,300000,300,
2026-07-05T15:08:17.859059+00:00,ibm,ibm_kingston,156,True,5,0.03397,0.01901,213.0,131.9,"cz,delay,id,if_else,measure,measure_2,reset,rz,sx,x",352,0.0146,0.994,100000,,,Heron r2,1.0.0,2025-02-20T05:00:00+00:00,2026-07-05T14:33:50+00:00,4.0,68.4,2180.0,0.023835,0.014179,0.25,340000,300,
2026-07-05T15:08:17.859059+00:00,ionq,qpu.forte-1,36,1,,,,,,,,,,,,,,,,,,,,,,,,,
2026-07-05T15:08:17.859059+00:00,ionq,simulator,29,1,,,,,,,,,,,,,,,,,,,,,,,,,
2026-07-05T15:08:17.859059+00:00,ionq,qpu.aria-1,25,0,,,,,,,,,,,,,,,,,,,,,,,,,
2026-07-05T15:08:17.859059+00:00,ionq,qpu.aria-2,25,0,,,,,,,,,,,,,,,,,,,,,,,,,
2026-07-05T15:08:17.859059+00:00,ionq,qpu.harmony,11,0,,,,,,,,,,,,,,,,,,,,,,,,,
2026-07-05T15:08:17.859059+00:00,ionq,qpu.forte-enterprise-1,36,0,,,,,,,,,,,,,,,,,,,,,,,,,
2026-07-05T15:08:17.859059+00:00,braket/ionq,Aria 1,25,0,,,,,,,,,,,,,,,,,,,,,,,,,
2026-07-05T15:08:17.859059+00:00,braket/quera,Aquila,256,1,,,,,,,,,,,,,,,,,,,,,,,,,
2026-07-05T15:08:17.859059+00:00,braket/ionq,Harmony,11,0,,,,,,,,,,,,,,,,,,,,,,,,,
2026-07-05T15:08:17.859059+00:00,braket/amazon braket,TN1,50,0,,,,,,,,,,,,,,,,,,,,,,,,,
2026-07-05T15:08:17.859059+00:00,braket/ionq,Aria 2,25,0,,,,,,,,,,,,,,,,,,,,,,,,,
2026-07-05T15:08:17.859059+00:00,braket/amazon braket,SV1,34,1,,,,,,,,,,,,,,,,,,,,,,,,,
2026-07-05T15:08:17.859059+00:00,braket/xanadu,Borealis,,0,,,,,,,,,,,,,,,,,,,,,,,,,
2026-07-05T15:08:17.859059+00:00,braket/amazon braket,dm1,17,1,,,,,,,,,,,,,,,,,,,,,,,,,
2026-07-05T15:08:17.859059+00:00,braket/ionq,Forte 1,36,1,,,,,,,,,,,,,,,,,,,,,,,,,
2026-07-05T15:08:17.859059+00:00,braket/ionq,Forte Enterprise 1,36,0,,,,,,,,,,,,,,,,,,,,,,,,,
2026-07-05T17:00:16.182692+00:00,ibm,ibm_fez,156,True,2,0.04431,0.02181,130.0,102.8,"cz,delay,id,if_else,measure,reset,rz,sx,x",352,0.0146,1.0,100000,,,Heron r2,1.3.37,2024-05-14T04:00:00+00:00,2026-07-05T16:10:12+00:00,4.0,68.2,1700.0,0.02419,0.01935,0.25,320000,300,
2026-07-05T17:00:16.182692+00:00,ibm,ibm_marrakesh,156,True,2,0.05372,0.03085,141.9,79.6,"cz,delay,id,if_else,measure,reset,rz,sx,x",352,0.0146,1.0,100000,,,Heron r2,1.0.21,2024-08-07T04:00:00+00:00,2026-07-05T16:42:45+00:00,4.0,68.8,2180.0,0.035854,0.025848,0.25,300000,300,
2026-07-05T17:00:16.182692+00:00,ibm,ibm_kingston,156,True,9,0.03397,0.01764,213.0,131.9,"cz,delay,id,if_else,measure,measure_2,reset,rz,sx,x",352,0.0146,0.994,100000,,,Heron r2,1.0.0,2025-02-20T05:00:00+00:00,2026-07-05T16:02:16+00:00,4.0,68.4,2180.0,0.022819,0.012492,0.25,340000,300,
2026-07-05T17:00:16.182692+00:00,ionq,qpu.forte-1,36,1,,,,,,,,,,,,,,,,,,,,,,,,,
2026-07-05T17:00:16.182692+00:00,ionq,simulator,29,1,,,,,,,,,,,,,,,,,,,,,,,,,
2026-07-05T17:00:16.182692+00:00,ionq,qpu.aria-1,25,0,,,,,,,,,,,,,,,,,,,,,,,,,
2026-07-05T17:00:16.182692+00:00,ionq,qpu.aria-2,25,0,,,,,,,,,,,,,,,,,,,,,,,,,
2026-07-05T17:00:16.182692+00:00,ionq,qpu.harmony,11,0,,,,,,,,,,,,,,,,,,,,,,,,,
2026-07-05T17:00:16.182692+00:00,ionq,qpu.forte-enterprise-1,36,0,,,,,,,,,,,,,,,,,,,,,,,,,
2026-07-05T17:00:16.182692+00:00,braket/ionq,Aria 1,25,0,,,,,,,,,,,,,,,,,,,,,,,,,
2026-07-05T17:00:16.182692+00:00,braket/quera,Aquila,256,1,,,,,,,,,,,,,,,,,,,,,,,,,
2026-07-05T17:00:16.182692+00:00,braket/ionq,Harmony,11,0,,,,,,,,,,,,,,,,,,,,,,,,,
2026-07-05T17:00:16.182692+00:00,braket/amazon braket,TN1,50,0,,,,,,,,,,,,,,,,,,,,,,,,,
2026-07-05T17:00:16.182692+00:00,braket/ionq,Aria 2,25,0,,,,,,,,,,,,,,,,,,,,,,,,,
2026-07-05T17:00:16.182692+00:00,braket/amazon braket,SV1,34,1,,,,,,,,,,,,,,,,,,,,,,,,,
2026-07-05T17:00:16.182692+00:00,braket/xanadu,Borealis,,0,,,,,,,,,,,,,,,,,,,,,,,,,
2026-07-05T17:00:16.182692+00:00,braket/amazon braket,dm1,17,1,,,,,,,,,,,,,,,,,,,,,,,,,
2026-07-05T17:00:16.182692+00:00,braket/ionq,Forte 1,36,1,,,,,,,,,,,,,,,,,,,,,,,,,
2026-07-05T17:00:16.182692+00:00,braket/ionq,Forte Enterprise 1,36,0,,,,,,,,,,,,,,,,,,,,,,,,,
2026-07-05T19:05:25.674524+00:00,ibm,ibm_fez,156,True,7,0.04431,0.02145,130.0,102.8,"cz,delay,id,if_else,measure,reset,rz,sx,x",352,0.0146,1.0,100000,,,Heron r2,1.3.37,2024-05-14T04:00:00+00:00,2026-07-05T18:17:44+00:00,4.0,68.2,1700.0,0.023932,0.018876,0.25,320000,300,
2026-07-05T19:05:25.674524+00:00,ibm,ibm_marrakesh,156,True,2,0.05372,0.02481,158.1,76.2,"cz,delay,id,if_else,measure,reset,rz,sx,x",352,0.0146,1.0,100000,,,Heron r2,1.0.21,2024-08-07T04:00:00+00:00,2026-07-05T18:52:07+00:00,4.0,68.8,2180.0,0.031377,0.018135,0.25,300000,300,
2026-07-05T19:05:25.674524+00:00,ibm,ibm_kingston,156,True,2,0.03397,0.01764,213.0,131.9,"cz,delay,id,if_else,measure,measure_2,reset,rz,sx,x",352,0.0146,0.994,100000,,,Heron r2,1.0.0,2025-02-20T05:00:00+00:00,2026-07-05T18:54:00+00:00,4.0,68.4,2180.0,0.022819,0.012492,0.25,340000,300,
2026-07-05T19:05:25.674524+00:00,ionq,qpu.forte-1,36,1,,,,,,,,,,,,,,,,,,,,,,,,,
2026-07-05T19:05:25.674524+00:00,ionq,simulator,29,1,,,,,,,,,,,,,,,,,,,,,,,,,
2026-07-05T19:05:25.674524+00:00,ionq,qpu.aria-1,25,0,,,,,,,,,,,,,,,,,,,,,,,,,
2026-07-05T19:05:25.674524+00:00,ionq,qpu.aria-2,25,0,,,,,,,,,,,,,,,,,,,,,,,,,
2026-07-05T19:05:25.674524+00:00,ionq,qpu.harmony,11,0,,,,,,,,,,,,,,,,,,,,,,,,,
2026-07-05T19:05:25.674524+00:00,ionq,qpu.forte-enterprise-1,36,0,,,,,,,,,,,,,,,,,,,,,,,,,
2026-07-05T19:05:25.674524+00:00,braket/ionq,Aria 1,25,0,,,,,,,,,,,,,,,,,,,,,,,,,
2026-07-05T19:05:25.674524+00:00,braket/quera,Aquila,256,1,,,,,,,,,,,,,,,,,,,,,,,,,
2026-07-05T19:05:25.674524+00:00,braket/ionq,Harmony,11,0,,,,,,,,,,,,,,,,,,,,,,,,,
2026-07-05T19:05:25.674524+00:00,braket/amazon braket,TN1,50,0,,,,,,,,,,,,,,,,,,,,,,,,,
2026-07-05T19:05:25.674524+00:00,braket/ionq,Aria 2,25,0,,,,,,,,,,,,,,,,,,,,,,,,,
2026-07-05T19:05:25.674524+00:00,braket/amazon braket,SV1,34,1,,,,,,,,,,,,,,,,,,,,,,,,,
2026-07-05T19:05:25.674524+00:00,braket/xanadu,Borealis,,0,,,,,,,,,,,,,,,,,,,,,,,,,
2026-07-05T19:05:25.674524+00:00,braket/amazon braket,dm1,17,1,,,,,,,,,,,,,,,,,,,,,,,,,
2026-07-05T19:05:25.674524+00:00,braket/ionq,Forte 1,36,1,,,,,,,,,,,,,,,,,,,,,,,,,
2026-07-05T19:05:25.674524+00:00,braket/ionq,Forte Enterprise 1,36,0,,,,,,,,,,,,,,,,,,,,,,,,,
2026-07-05T20:50:45.401559+00:00,ibm,ibm_fez,156,True,2129,0.04431,0.02145,130.0,102.8,"cz,delay,id,if_else,measure,reset,rz,sx,x",352,0.0146,1.0,100000,,,Heron r2,1.3.37,2024-05-14T04:00:00+00:00,2026-07-05T18:59:51+00:00,4.0,68.2,1700.0,0.023932,0.018876,0.25,320000,300,
2026-07-05T20:50:45.401559+00:00,ibm,ibm_marrakesh,156,True,19,0.05372,0.02481,158.1,76.2,"cz,delay,id,if_else,measure,reset,rz,sx,x",352,0.0146,1.0,100000,,,Heron r2,1.0.21,2024-08-07T04:00:00+00:00,2026-07-05T19:58:07+00:00,4.0,68.8,2180.0,0.031377,0.018135,0.25,300000,300,
2026-07-05T20:50:45.401559+00:00,ibm,ibm_kingston,156,True,12,0.03419,0.01764,213.0,131.9,"cz,delay,id,if_else,measure,measure_2,reset,rz,sx,x",352,0.0146,0.994,100000,,,Heron r2,1.0.0,2025-02-20T05:00:00+00:00,2026-07-05T19:47:02+00:00,4.0,68.4,2180.0,0.022819,0.012492,0.25,340000,300,
2026-07-05T20:50:45.401559+00:00,ionq,qpu.forte-1,36,1,,,,,,,,,,,,,,,,,,,,,,,,,
2026-07-05T20:50:45.401559+00:00,ionq,simulator,29,1,,,,,,,,,,,,,,,,,,,,,,,,,
2026-07-05T20:50:45.401559+00:00,ionq,qpu.aria-1,25,0,,,,,,,,,,,,,,,,,,,,,,,,,
2026-07-05T20:50:45.401559+00:00,ionq,qpu.aria-2,25,0,,,,,,,,,,,,,,,,,,,,,,,,,
2026-07-05T20:50:45.401559+00:00,ionq,qpu.harmony,11,0,,,,,,,,,,,,,,,,,,,,,,,,,
2026-07-05T20:50:45.401559+00:00,ionq,qpu.forte-enterprise-1,36,0,,,,,,,,,,,,,,,,,,,,,,,,,
2026-07-05T20:50:45.401559+00:00,braket/ionq,Aria 1,25,0,,,,,,,,,,,,,,,,,,,,,,,,,
2026-07-05T20:50:45.401559+00:00,braket/quera,Aquila,256,1,,,,,,,,,,,,,,,,,,,,,,,,,
2026-07-05T20:50:45.401559+00:00,braket/ionq,Harmony,11,0,,,,,,,,,,,,,,,,,,,,,,,,,
2026-07-05T20:50:45.401559+00:00,braket/amazon braket,TN1,50,0,,,,,,,,,,,,,,,,,,,,,,,,,
2026-07-05T20:50:45.401559+00:00,braket/ionq,Aria 2,25,0,,,,,,,,,,,,,,,,,,,,,,,,,
2026-07-05T20:50:45.401559+00:00,braket/amazon braket,SV1,34,1,,,,,,,,,,,,,,,,,,,,,,,,,
2026-07-05T20:50:45.401559+00:00,braket/xanadu,Borealis,,0,,,,,,,,,,,,,,,,,,,,,,,,,
2026-07-05T20:50:45.401559+00:00,braket/amazon braket,dm1,17,1,,,,,,,,,,,,,,,,,,,,,,,,,
2026-07-05T20:50:45.401559+00:00,braket/ionq,Forte 1,36,1,,,,,,,,,,,,,,,,,,,,,,,,,
2026-07-05T20:50:45.401559+00:00,braket/ionq,Forte Enterprise 1,36,0,,,,,,,,,,,,,,,,,,,,,,,,,
2026-07-05T22:56:18.669052+00:00,ibm,ibm_fez,156,True,2135,0.04431,0.02145,130.0,102.8,"cz,delay,id,if_else,measure,reset,rz,sx,x",352,0.0146,1.0,100000,,,Heron r2,1.3.37,2024-05-14T04:00:00+00:00,2026-07-05T18:59:51+00:00,4.0,68.2,1700.0,0.023932,0.018876,0.25,320000,300,
2026-07-05T22:56:18.669052+00:00,ibm,ibm_marrakesh,156,True,32,0.05372,0.02481,158.1,76.2,"cz,delay,id,if_else,measure,reset,rz,sx,x",352,0.0146,1.0,100000,,,Heron r2,1.0.21,2024-08-07T04:00:00+00:00,2026-07-05T19:58:07+00:00,4.0,68.8,2180.0,0.031377,0.018135,0.25,300000,300,
2026-07-05T22:56:18.669052+00:00,ibm,ibm_kingston,156,True,34,0.03419,0.01764,213.0,131.9,"cz,delay,id,if_else,measure,measure_2,reset,rz,sx,x",352,0.0146,0.994,100000,,,Heron r2,1.0.0,2025-02-20T05:00:00+00:00,2026-07-05T19:47:02+00:00,4.0,68.4,2180.0,0.022819,0.012492,0.25,340000,300,
2026-07-05T22:56:18.669052+00:00,ionq,qpu.forte-1,36,1,,,,,,,,,,,,,,,,,,,,,,,,,
2026-07-05T22:56:18.669052+00:00,ionq,simulator,29,1,,,,,,,,,,,,,,,,,,,,,,,,,
2026-07-05T22:56:18.669052+00:00,ionq,qpu.aria-1,25,0,,,,,,,,,,,,,,,,,,,,,,,,,
2026-07-05T22:56:18.669052+00:00,ionq,qpu.aria-2,25,0,,,,,,,,,,,,,,,,,,,,,,,,,
2026-07-05T22:56:18.669052+00:00,ionq,qpu.harmony,11,0,,,,,,,,,,,,,,,,,,,,,,,,,
2026-07-05T22:56:18.669052+00:00,ionq,qpu.forte-enterprise-1,36,0,,,,,,,,,,,,,,,,,,,,,,,,,
2026-07-05T22:56:18.669052+00:00,braket/ionq,Aria 1,25,0,,,,,,,,,,,,,,,,,,,,,,,,,
2026-07-05T22:56:18.669052+00:00,braket/quera,Aquila,256,1,,,,,,,,,,,,,,,,,,,,,,,,,
2026-07-05T22:56:18.669052+00:00,braket/ionq,Harmony,11,0,,,,,,,,,,,,,,,,,,,,,,,,,
2026-07-05T22:56:18.669052+00:00,braket/amazon braket,TN1,50,0,,,,,,,,,,,,,,,,,,,,,,,,,
2026-07-05T22:56:18.669052+00:00,braket/ionq,Aria 2,25,0,,,,,,,,,,,,,,,,,,,,,,,,,
2026-07-05T22:56:18.669052+00:00,braket/amazon braket,SV1,34,1,,,,,,,,,,,,,,,,,,,,,,,,,
2026-07-05T22:56:18.669052+00:00,braket/xanadu,Borealis,,0,,,,,,,,,,,,,,,,,,,,,,,,,
2026-07-05T22:56:18.669052+00:00,braket/amazon braket,dm1,17,1,,,,,,,,,,,,,,,,,,,,,,,,,
2026-07-05T22:56:18.669052+00:00,braket/ionq,Forte 1,36,1,,,,,,,,,,,,,,,,,,,,,,,,,
2026-07-05T22:56:18.669052+00:00,braket/ionq,Forte Enterprise 1,36,0,,,,,,,,,,,,,,,,,,,,,,,,,
2026-07-06T02:30:20.603891+00:00,ibm,ibm_fez,156,True,2148,0.04431,0.02145,130.0,102.8,"cz,delay,id,if_else,measure,reset,rz,sx,x",352,0.0146,1.0,100000,,,Heron r2,1.3.37,2024-05-14T04:00:00+00:00,2026-07-05T18:59:51+00:00,4.0,68.2,1700.0,0.023932,0.018876,0.25,320000,300,
2026-07-06T02:30:20.603891+00:00,ibm,ibm_marrakesh,156,True,40,0.05372,0.02481,158.1,76.2,"cz,delay,id,if_else,measure,reset,rz,sx,x",352,0.0146,1.0,100000,,,Heron r2,1.0.21,2024-08-07T04:00:00+00:00,2026-07-05T19:58:07+00:00,4.0,68.8,2180.0,0.031377,0.018135,0.25,300000,300,
2026-07-06T02:30:20.603891+00:00,ibm,ibm_kingston,156,True,51,0.03419,0.01764,213.0,131.9,"cz,delay,id,if_else,measure,measure_2,reset,rz,sx,x",352,0.0146,0.994,100000,,,Heron r2,1.0.0,2025-02-20T05:00:00+00:00,2026-07-05T19:47:02+00:00,4.0,68.4,2180.0,0.022819,0.012492,0.25,340000,300,
2026-07-06T02:30:20.603891+00:00,ionq,qpu.forte-1,36,1,,,,,,,,,,,,,,,,,,,,,,,,,
2026-07-06T02:30:20.603891+00:00,ionq,simulator,29,1,,,,,,,,,,,,,,,,,,,,,,,,,
2026-07-06T02:30:20.603891+00:00,ionq,qpu.aria-1,25,0,,,,,,,,,,,,,,,,,,,,,,,,,
2026-07-06T02:30:20.603891+00:00,ionq,qpu.aria-2,25,0,,,,,,,,,,,,,,,,,,,,,,,,,
2026-07-06T02:30:20.603891+00:00,ionq,qpu.harmony,11,0,,,,,,,,,,,,,,,,,,,,,,,,,
2026-07-06T02:30:20.603891+00:00,ionq,qpu.forte-enterprise-1,36,0,,,,,,,,,,,,,,,,,,,,,,,,,
2026-07-06T02:30:20.603891+00:00,braket/ionq,Aria 1,25,0,,,,,,,,,,,,,,,,,,,,,,,,,
2026-07-06T02:30:20.603891+00:00,braket/quera,Aquila,256,1,,,,,,,,,,,,,,,,,,,,,,,,,
2026-07-06T02:30:20.603891+00:00,braket/ionq,Harmony,11,0,,,,,,,,,,,,,,,,,,,,,,,,,
2026-07-06T02:30:20.603891+00:00,braket/amazon braket,TN1,50,0,,,,,,,,,,,,,,,,,,,,,,,,,
2026-07-06T02:30:20.603891+00:00,braket/ionq,Aria 2,25,0,,,,,,,,,,,,,,,,,,,,,,,,,
2026-07-06T02:30:20.603891+00:00,braket/amazon braket,SV1,34,1,,,,,,,,,,,,,,,,,,,,,,,,,
2026-07-06T02:30:20.603891+00:00,braket/xanadu,Borealis,,0,,,,,,,,,,,,,,,,,,,,,,,,,
2026-07-06T02:30:20.603891+00:00,braket/amazon braket,dm1,17,1,,,,,,,,,,,,,,,,,,,,,,,,,
2026-07-06T02:30:20.603891+00:00,braket/ionq,Forte 1,36,1,,,,,,,,,,,,,,,,,,,,,,,,,
2026-07-06T02:30:20.603891+00:00,braket/ionq,Forte Enterprise 1,36,0,,,,,,,,,,,,,,,,,,,,,,,,,
2026-07-06T08:14:21.829263+00:00,ibm,ibm_fez,156,True,2175,0.04431,0.02145,130.0,102.8,"cz,delay,id,if_else,measure,reset,rz,sx,x",352,0.0146,1.0,100000,,,Heron r2,1.3.37,2024-05-14T04:00:00+00:00,2026-07-05T18:59:51+00:00,4.0,68.2,1700.0,0.023932,0.018876,0.25,320000,300,
2026-07-06T08:14:21.829263+00:00,ibm,ibm_marrakesh,156,True,79,0.05372,0.02481,158.1,76.2,"cz,delay,id,if_else,measure,reset,rz,sx,x",352,0.0146,1.0,100000,,,Heron r2,1.0.21,2024-08-07T04:00:00+00:00,2026-07-05T19:58:07+00:00,4.0,68.8,2180.0,0.031377,0.018135,0.25,300000,300,
2026-07-06T08:14:21.829263+00:00,ibm,ibm_kingston,156,True,82,0.03419,0.01764,213.0,131.9,"cz,delay,id,if_else,measure,measure_2,reset,rz,sx,x",352,0.0146,0.994,100000,,,Heron r2,1.0.0,2025-02-20T05:00:00+00:00,2026-07-05T19:47:02+00:00,4.0,68.4,2180.0,0.022819,0.012492,0.25,340000,300,
2026-07-06T08:14:21.829263+00:00,ionq,qpu.forte-1,36,1,,,,,,,,,,,,,,,,,,,,,,,,,
2026-07-06T08:14:21.829263+00:00,ionq,simulator,29,1,,,,,,,,,,,,,,,,,,,,,,,,,
2026-07-06T08:14:21.829263+00:00,ionq,qpu.aria-1,25,0,,,,,,,,,,,,,,,,,,,,,,,,,
2026-07-06T08:14:21.829263+00:00,ionq,qpu.aria-2,25,0,,,,,,,,,,,,,,,,,,,,,,,,,
2026-07-06T08:14:21.829263+00:00,ionq,qpu.harmony,11,0,,,,,,,,,,,,,,,,,,,,,,,,,
2026-07-06T08:14:21.829263+00:00,ionq,qpu.forte-enterprise-1,36,0,,,,,,,,,,,,,,,,,,,,,,,,,
2026-07-06T08:14:21.829263+00:00,braket/ionq,Aria 1,25,0,,,,,,,,,,,,,,,,,,,,,,,,,
2026-07-06T08:14:21.829263+00:00,braket/quera,Aquila,256,1,,,,,,,,,,,,,,,,,,,,,,,,,
2026-07-06T08:14:21.829263+00:00,braket/ionq,Harmony,11,0,,,,,,,,,,,,,,,,,,,,,,,,,
2026-07-06T08:14:21.829263+00:00,braket/amazon braket,TN1,50,0,,,,,,,,,,,,,,,,,,,,,,,,,
2026-07-06T08:14:21.829263+00:00,braket/ionq,Aria 2,25,0,,,,,,,,,,,,,,,,,,,,,,,,,
2026-07-06T08:14:21.829263+00:00,braket/amazon braket,SV1,34,1,,,,,,,,,,,,,,,,,,,,,,,,,
2026-07-06T08:14:21.829263+00:00,braket/xanadu,Borealis,,0,,,,,,,,,,,,,,,,,,,,,,,,,
2026-07-06T08:14:21.829263+00:00,braket/amazon braket,dm1,17,1,,,,,,,,,,,,,,,,,,,,,,,,,
2026-07-06T08:14:21.829263+00:00,braket/ionq,Forte 1,36,1,,,,,,,,,,,,,,,,,,,,,,,,,
2026-07-06T08:14:21.829263+00:00,braket/ionq,Forte Enterprise 1,36,0,,,,,,,,,,,,,,,,,,,,,,,,,
2026-07-06T13:39:57.198826+00:00,ibm,ibm_fez,156,True,2221,0.04431,0.02145,130.0,102.8,"cz,delay,id,if_else,measure,reset,rz,sx,x",352,0.0146,1.0,100000,,,Heron r2,1.3.37,2024-05-14T04:00:00+00:00,2026-07-05T18:59:51+00:00,4.0,68.2,1700.0,0.023932,0.018876,0.25,320000,300,
2026-07-06T13:39:57.198826+00:00,ibm,ibm_marrakesh,156,True,138,0.05372,0.02481,158.1,76.2,"cz,delay,id,if_else,measure,reset,rz,sx,x",352,0.0146,1.0,100000,,,Heron r2,1.0.21,2024-08-07T04:00:00+00:00,2026-07-05T19:58:07+00:00,4.0,68.8,2180.0,0.031377,0.018135,0.25,300000,300,
2026-07-06T13:39:57.198826+00:00,ibm,ibm_kingston,156,True,130,0.03419,0.01764,213.0,131.9,"cz,delay,id,if_else,measure,measure_2,reset,rz,sx,x",352,0.0146,0.994,100000,,,Heron r2,1.0.0,2025-02-20T05:00:00+00:00,2026-07-05T19:47:02+00:00,4.0,68.4,2180.0,0.022819,0.012492,0.25,340000,300,
2026-07-06T13:39:57.198826+00:00,ionq,qpu.forte-1,36,0,,,,,,,,,,,,,,,,,,,,,,,,,
2026-07-06T13:39:57.198826+00:00,ionq,simulator,29,1,,,,,,,,,,,,,,,,,,,,,,,,,
2026-07-06T13:39:57.198826+00:00,ionq,qpu.aria-1,25,0,,,,,,,,,,,,,,,,,,,,,,,,,
2026-07-06T13:39:57.198826+00:00,ionq,qpu.aria-2,25,0,,,,,,,,,,,,,,,,,,,,,,,,,
2026-07-06T13:39:57.198826+00:00,ionq,qpu.harmony,11,0,,,,,,,,,,,,,,,,,,,,,,,,,
2026-07-06T13:39:57.198826+00:00,ionq,qpu.forte-enterprise-1,36,0,,,,,,,,,,,,,,,,,,,,,,,,,
2026-07-06T13:39:57.198826+00:00,braket/ionq,Aria 1,25,0,,,,,,,,,,,,,,,,,,,,,,,,,
2026-07-06T13:39:57.198826+00:00,braket/quera,Aquila,256,1,,,,,,,,,,,,,,,,,,,,,,,,,
2026-07-06T13:39:57.198826+00:00,braket/ionq,Harmony,11,0,,,,,,,,,,,,,,,,,,,,,,,,,
2026-07-06T13:39:57.198826+00:00,braket/amazon braket,TN1,50,0,,,,,,,,,,,,,,,,,,,,,,,,,
2026-07-06T13:39:57.198826+00:00,braket/ionq,Aria 2,25,0,,,,,,,,,,,,,,,,,,,,,,,,,
2026-07-06T13:39:57.198826+00:00,braket/amazon braket,SV1,34,1,,,,,,,,,,,,,,,,,,,,,,,,,
2026-07-06T13:39:57.198826+00:00,braket/xanadu,Borealis,,0,,,,,,,,,,,,,,,,,,,,,,,,,
2026-07-06T13:39:57.198826+00:00,braket/amazon braket,dm1,17,1,,,,,,,,,,,,,,,,,,,,,,,,,
2026-07-06T13:39:57.198826+00:00,braket/ionq,Forte 1,36,1,,,,,,,,,,,,,,,,,,,,,,,,,
2026-07-06T13:39:57.198826+00:00,braket/ionq,Forte Enterprise 1,36,0,,,,,,,,,,,,,,,,,,,,,,,,,
2026-07-06T16:52:18.147713+00:00,ibm,ibm_fez,156,True,2284,0.04431,0.02145,130.0,102.8,"cz,delay,id,if_else,measure,reset,rz,sx,x",352,0.0146,1.0,100000,,,Heron r2,1.3.37,2024-05-14T04:00:00+00:00,2026-07-05T18:59:51+00:00,4.0,68.2,1700.0,0.023932,0.018876,0.25,320000,300,
2026-07-06T16:52:18.147713+00:00,ibm,ibm_marrakesh,156,True,160,0.05372,0.02481,158.1,76.2,"cz,delay,id,if_else,measure,reset,rz,sx,x",352,0.0146,1.0,100000,,,Heron r2,1.0.21,2024-08-07T04:00:00+00:00,2026-07-05T19:58:07+00:00,4.0,68.8,2180.0,0.031377,0.018135,0.25,300000,300,
2026-07-06T16:52:18.147713+00:00,ibm,ibm_kingston,156,True,161,0.03419,0.01764,213.0,131.9,"cz,delay,id,if_else,measure,measure_2,reset,rz,sx,x",352,0.0146,0.994,100000,,,Heron r2,1.0.0,2025-02-20T05:00:00+00:00,2026-07-05T19:47:02+00:00,4.0,68.4,2180.0,0.022819,0.012492,0.25,340000,300,
2026-07-06T16:52:18.147713+00:00,ionq,qpu.forte-1,36,1,,,,,,,,,,,,,,,,,,,,,,,,,
2026-07-06T16:52:18.147713+00:00,ionq,simulator,29,1,,,,,,,,,,,,,,,,,,,,,,,,,
2026-07-06T16:52:18.147713+00:00,ionq,qpu.aria-1,25,0,,,,,,,,,,,,,,,,,,,,,,,,,
2026-07-06T16:52:18.147713+00:00,ionq,qpu.aria-2,25,0,,,,,,,,,,,,,,,,,,,,,,,,,
2026-07-06T16:52:18.147713+00:00,ionq,qpu.harmony,11,0,,,,,,,,,,,,,,,,,,,,,,,,,
2026-07-06T16:52:18.147713+00:00,ionq,qpu.forte-enterprise-1,36,0,,,,,,,,,,,,,,,,,,,,,,,,,
2026-07-06T16:52:18.147713+00:00,braket/ionq,Aria 1,25,0,,,,,,,,,,,,,,,,,,,,,,,,,
2026-07-06T16:52:18.147713+00:00,braket/quera,Aquila,256,1,,,,,,,,,,,,,,,,,,,,,,,,,
2026-07-06T16:52:18.147713+00:00,braket/ionq,Harmony,11,0,,,,,,,,,,,,,,,,,,,,,,,,,
2026-07-06T16:52:18.147713+00:00,braket/amazon braket,TN1,50,0,,,,,,,,,,,,,,,,,,,,,,,,,
2026-07-06T16:52:18.147713+00:00,braket/ionq,Aria 2,25,0,,,,,,,,,,,,,,,,,,,,,,,,,
2026-07-06T16:52:18.147713+00:00,braket/amazon braket,SV1,34,1,,,,,,,,,,,,,,,,,,,,,,,,,
2026-07-06T16:52:18.147713+00:00,braket/xanadu,Borealis,,0,,,,,,,,,,,,,,,,,,,,,,,,,
2026-07-06T16:52:18.147713+00:00,braket/amazon braket,dm1,17,1,,,,,,,,,,,,,,,,,,,,,,,,,
2026-07-06T16:52:18.147713+00:00,braket/ionq,Forte 1,36,1,,,,,,,,,,,,,,,,,,,,,,,,,
2026-07-06T16:52:18.147713+00:00,braket/ionq,Forte Enterprise 1,36,0,,,,,,,,,,,,,,,,,,,,,,,,,
2026-07-06T19:46:10.185454+00:00,ibm,ibm_fez,156,True,2313,0.04431,0.02145,130.0,102.8,"cz,delay,id,if_else,measure,reset,rz,sx,x",352,0.0146,1.0,100000,,,Heron r2,1.3.37,2024-05-14T04:00:00+00:00,2026-07-05T18:59:51+00:00,4.0,68.2,1700.0,0.023932,0.018876,0.25,320000,300,
2026-07-06T19:46:10.185454+00:00,ibm,ibm_marrakesh,156,True,200,0.05372,0.02481,158.1,76.2,"cz,delay,id,if_else,measure,reset,rz,sx,x",352,0.0146,1.0,100000,,,Heron r2,1.0.21,2024-08-07T04:00:00+00:00,2026-07-05T19:58:07+00:00,4.0,68.8,2180.0,0.031377,0.018135,0.25,300000,300,
2026-07-06T19:46:10.185454+00:00,ibm,ibm_kingston,156,True,186,0.03419,0.01764,213.0,131.9,"cz,delay,id,if_else,measure,measure_2,reset,rz,sx,x",352,0.0146,0.994,100000,,,Heron r2,1.0.0,2025-02-20T05:00:00+00:00,2026-07-05T19:47:02+00:00,4.0,68.4,2180.0,0.022819,0.012492,0.25,340000,300,
2026-07-06T19:46:10.185454+00:00,ionq,qpu.forte-1,36,1,,,,,,,,,,,,,,,,,,,,,,,,,
2026-07-06T19:46:10.185454+00:00,ionq,simulator,29,1,,,,,,,,,,,,,,,,,,,,,,,,,
2026-07-06T19:46:10.185454+00:00,ionq,qpu.aria-1,25,0,,,,,,,,,,,,,,,,,,,,,,,,,
2026-07-06T19:46:10.185454+00:00,ionq,qpu.aria-2,25,0,,,,,,,,,,,,,,,,,,,,,,,,,
2026-07-06T19:46:10.185454+00:00,ionq,qpu.harmony,11,0,,,,,,,,,,,,,,,,,,,,,,,,,
2026-07-06T19:46:10.185454+00:00,ionq,qpu.forte-enterprise-1,36,0,,,,,,,,,,,,,,,,,,,,,,,,,
2026-07-06T19:46:10.185454+00:00,braket/ionq,Aria 1,25,0,,,,,,,,,,,,,,,,,,,,,,,,,
2026-07-06T19:46:10.185454+00:00,braket/quera,Aquila,256,1,,,,,,,,,,,,,,,,,,,,,,,,,
2026-07-06T19:46:10.185454+00:00,braket/ionq,Harmony,11,0,,,,,,,,,,,,,,,,,,,,,,,,,
2026-07-06T19:46:10.185454+00:00,braket/amazon braket,TN1,50,0,,,,,,,,,,,,,,,,,,,,,,,,,
2026-07-06T19:46:10.185454+00:00,braket/ionq,Aria 2,25,0,,,,,,,,,,,,,,,,,,,,,,,,,
2026-07-06T19:46:10.185454+00:00,braket/amazon braket,SV1,34,1,,,,,,,,,,,,,,,,,,,,,,,,,
2026-07-06T19:46:10.185454+00:00,braket/xanadu,Borealis,,0,,,,,,,,,,,,,,,,,,,,,,,,,
2026-07-06T19:46:10.185454+00:00,braket/amazon braket,dm1,17,1,,,,,,,,,,,,,,,,,,,,,,,,,
2026-07-06T19:46:10.185454+00:00,braket/ionq,Forte 1,36,1,,,,,,,,,,,,,,,,,,,,,,,,,
2026-07-06T19:46:10.185454+00:00,braket/ionq,Forte Enterprise 1,36,0,,,,,,,,,,,,,,,,,,,,,,,,,
2026-07-06T21:23:06.597035+00:00,ibm,ibm_fez,156,True,2320,0.04431,0.02145,130.0,102.8,"cz,delay,id,if_else,measure,reset,rz,sx,x",352,0.0146,1.0,100000,,,Heron r2,1.3.37,2024-05-14T04:00:00+00:00,2026-07-05T18:59:51+00:00,4.0,68.2,1700.0,0.023932,0.018876,0.25,320000,300,
2026-07-06T21:23:06.597035+00:00,ibm,ibm_marrakesh,156,True,215,0.05372,0.02481,158.1,76.2,"cz,delay,id,if_else,measure,reset,rz,sx,x",352,0.0146,1.0,100000,,,Heron r2,1.0.21,2024-08-07T04:00:00+00:00,2026-07-05T19:58:07+00:00,4.0,68.8,2180.0,0.031377,0.018135,0.25,300000,300,
2026-07-06T21:23:06.597035+00:00,ibm,ibm_kingston,156,True,202,0.03419,0.01764,213.0,131.9,"cz,delay,id,if_else,measure,measure_2,reset,rz,sx,x",352,0.0146,0.994,100000,,,Heron r2,1.0.0,2025-02-20T05:00:00+00:00,2026-07-05T19:47:02+00:00,4.0,68.4,2180.0,0.022819,0.012492,0.25,340000,300,
2026-07-06T21:23:06.597035+00:00,ionq,qpu.forte-1,36,1,,,,,,,,,,,,,,,,,,,,,,,,,
2026-07-06T21:23:06.597035+00:00,ionq,simulator,29,1,,,,,,,,,,,,,,,,,,,,,,,,,
2026-07-06T21:23:06.597035+00:00,ionq,qpu.aria-1,25,0,,,,,,,,,,,,,,,,,,,,,,,,,
2026-07-06T21:23:06.597035+00:00,ionq,qpu.aria-2,25,0,,,,,,,,,,,,,,,,,,,,,,,,,
2026-07-06T21:23:06.597035+00:00,ionq,qpu.harmony,11,0,,,,,,,,,,,,,,,,,,,,,,,,,
2026-07-06T21:23:06.597035+00:00,ionq,qpu.forte-enterprise-1,36,0,,,,,,,,,,,,,,,,,,,,,,,,,
2026-07-06T21:23:06.597035+00:00,braket/ionq,Aria 1,25,0,,,,,,,,,,,,,,,,,,,,,,,,,
2026-07-06T21:23:06.597035+00:00,braket/quera,Aquila,256,1,,,,,,,,,,,,,,,,,,,,,,,,,
2026-07-06T21:23:06.597035+00:00,braket/ionq,Harmony,11,0,,,,,,,,,,,,,,,,,,,,,,,,,
2026-07-06T21:23:06.597035+00:00,braket/amazon braket,TN1,50,0,,,,,,,,,,,,,,,,,,,,,,,,,
2026-07-06T21:23:06.597035+00:00,braket/ionq,Aria 2,25,0,,,,,,,,,,,,,,,,,,,,,,,,,
2026-07-06T21:23:06.597035+00:00,braket/amazon braket,SV1,34,1,,,,,,,,,,,,,,,,,,,,,,,,,
2026-07-06T21:23:06.597035+00:00,braket/xanadu,Borealis,,0,,,,,,,,,,,,,,,,,,,,,,,,,
2026-07-06T21:23:06.597035+00:00,braket/amazon braket,dm1,17,1,,,,,,,,,,,,,,,,,,,,,,,,,
2026-07-06T21:23:06.597035+00:00,braket/ionq,Forte 1,36,1,,,,,,,,,,,,,,,,,,,,,,,,,
2026-07-06T21:23:06.597035+00:00,braket/ionq,Forte Enterprise 1,36,0,,,,,,,,,,,,,,,,,,,,,,,,,
2026-07-06T23:00:22.326453+00:00,ibm,ibm_fez,156,True,2516,0.04431,0.02145,130.0,102.8,"cz,delay,id,if_else,measure,reset,rz,sx,x",352,0.0146,1.0,100000,,,Heron r2,1.3.37,2024-05-14T04:00:00+00:00,2026-07-05T18:59:51+00:00,4.0,68.2,1700.0,0.023932,0.018876,0.25,320000,300,
2026-07-06T23:00:22.326453+00:00,ibm,ibm_marrakesh,156,True,217,0.05372,0.02481,158.1,76.2,"cz,delay,id,if_else,measure,reset,rz,sx,x",352,0.0146,1.0,100000,,,Heron r2,1.0.21,2024-08-07T04:00:00+00:00,2026-07-05T19:58:07+00:00,4.0,68.8,2180.0,0.031377,0.018135,0.25,300000,300,
2026-07-06T23:00:22.326453+00:00,ibm,ibm_kingston,156,True,211,0.03419,0.01764,213.0,131.9,"cz,delay,id,if_else,measure,measure_2,reset,rz,sx,x",352,0.0146,0.994,100000,,,Heron r2,1.0.0,2025-02-20T05:00:00+00:00,2026-07-05T19:47:02+00:00,4.0,68.4,2180.0,0.022819,0.012492,0.25,340000,300,
2026-07-06T23:00:22.326453+00:00,ionq,qpu.forte-1,36,1,,,,,,,,,,,,,,,,,,,,,,,,,
2026-07-06T23:00:22.326453+00:00,ionq,simulator,29,1,,,,,,,,,,,,,,,,,,,,,,,,,
2026-07-06T23:00:22.326453+00:00,ionq,qpu.aria-1,25,0,,,,,,,,,,,,,,,,,,,,,,,,,
2026-07-06T23:00:22.326453+00:00,ionq,qpu.aria-2,25,0,,,,,,,,,,,,,,,,,,,,,,,,,
2026-07-06T23:00:22.326453+00:00,ionq,qpu.harmony,11,0,,,,,,,,,,,,,,,,,,,,,,,,,
2026-07-06T23:00:22.326453+00:00,ionq,qpu.forte-enterprise-1,36,0,,,,,,,,,,,,,,,,,,,,,,,,,
2026-07-06T23:00:22.326453+00:00,braket/ionq,Aria 1,25,0,,,,,,,,,,,,,,,,,,,,,,,,,
2026-07-06T23:00:22.326453+00:00,braket/quera,Aquila,256,1,,,,,,,,,,,,,,,,,,,,,,,,,
2026-07-06T23:00:22.326453+00:00,braket/ionq,Harmony,11,0,,,,,,,,,,,,,,,,,,,,,,,,,
2026-07-06T23:00:22.326453+00:00,braket/amazon braket,TN1,50,0,,,,,,,,,,,,,,,,,,,,,,,,,
2026-07-06T23:00:22.326453+00:00,braket/ionq,Aria 2,25,0,,,,,,,,,,,,,,,,,,,,,,,,,
2026-07-06T23:00:22.326453+00:00,braket/amazon braket,SV1,34,1,,,,,,,,,,,,,,,,,,,,,,,,,
2026-07-06T23:00:22.326453+00:00,braket/xanadu,Borealis,,0,,,,,,,,,,,,,,,,,,,,,,,,,
2026-07-06T23:00:22.326453+00:00,braket/amazon braket,dm1,17,1,,,,,,,,,,,,,,,,,,,,,,,,,
2026-07-06T23:00:22.326453+00:00,braket/ionq,Forte 1,36,1,,,,,,,,,,,,,,,,,,,,,,,,,
2026-07-06T23:00:22.326453+00:00,braket/ionq,Forte Enterprise 1,36,0,,,,,,,,,,,,,,,,,,,,,,,,,
2026-07-07T02:26:09.035886+00:00,ibm,ibm_fez,156,True,2534,0.04431,0.02145,130.0,102.8,"cz,delay,id,if_else,measure,reset,rz,sx,x",352,0.0146,1.0,100000,,,Heron r2,1.3.37,2024-05-14T04:00:00+00:00,2026-07-05T18:59:51+00:00,4.0,68.2,1700.0,0.023932,0.018876,0.25,320000,300,
2026-07-07T02:26:09.035886+00:00,ibm,ibm_marrakesh,156,True,229,0.05372,0.02481,158.1,76.2,"cz,delay,id,if_else,measure,reset,rz,sx,x",352,0.0146,1.0,100000,,,Heron r2,1.0.21,2024-08-07T04:00:00+00:00,2026-07-05T19:58:07+00:00,4.0,68.8,2180.0,0.031377,0.018135,0.25,300000,300,
2026-07-07T02:26:09.035886+00:00,ibm,ibm_kingston,156,True,224,0.03419,0.01764,213.0,131.9,"cz,delay,id,if_else,measure,measure_2,reset,rz,sx,x",352,0.0146,0.994,100000,,,Heron r2,1.0.0,2025-02-20T05:00:00+00:00,2026-07-05T19:47:02+00:00,4.0,68.4,2180.0,0.022819,0.012492,0.25,340000,300,
2026-07-07T02:26:09.035886+00:00,ionq,qpu.harmony,11,0,,,,,,,,,,,,,,,,,,,,,,,,,
2026-07-07T02:26:09.035886+00:00,ionq,qpu.aria-1,25,0,,,,,,,,,,,,,,,,,,,,,,,,,
2026-07-07T02:26:09.035886+00:00,ionq,qpu.aria-2,25,0,,,,,,,,,,,,,,,,,,,,,,,,,
2026-07-07T02:26:09.035886+00:00,ionq,qpu.forte-1,36,1,,,,,,,,,,,,,,,,,,,,,,,,,
2026-07-07T02:26:09.035886+00:00,ionq,qpu.forte-enterprise-1,36,0,,,,,,,,,,,,,,,,,,,,,,,,,
2026-07-07T02:26:09.035886+00:00,ionq,simulator,29,1,,,,,,,,,,,,,,,,,,,,,,,,,
2026-07-07T02:26:09.035886+00:00,braket/ionq,Aria 1,25,0,,,,,,,,,,,,,,,,,,,,,,,,,
2026-07-07T02:26:09.035886+00:00,braket/quera,Aquila,256,1,,,,,,,,,,,,,,,,,,,,,,,,,
2026-07-07T02:26:09.035886+00:00,braket/ionq,Harmony,11,0,,,,,,,,,,,,,,,,,,,,,,,,,
2026-07-07T02:26:09.035886+00:00,braket/amazon braket,TN1,50,0,,,,,,,,,,,,,,,,,,,,,,,,,
2026-07-07T02:26:09.035886+00:00,braket/ionq,Aria 2,25,0,,,,,,,,,,,,,,,,,,,,,,,,,
2026-07-07T02:26:09.035886+00:00,braket/amazon braket,SV1,34,1,,,,,,,,,,,,,,,,,,,,,,,,,
2026-07-07T02:26:09.035886+00:00,braket/xanadu,Borealis,,0,,,,,,,,,,,,,,,,,,,,,,,,,
2026-07-07T02:26:09.035886+00:00,braket/amazon braket,dm1,17,1,,,,,,,,,,,,,,,,,,,,,,,,,
2026-07-07T02:26:09.035886+00:00,braket/ionq,Forte 1,36,1,,,,,,,,,,,,,,,,,,,,,,,,,
2026-07-07T02:26:09.035886+00:00,braket/ionq,Forte Enterprise 1,36,0,,,,,,,,,,,,,,,,,,,,,,,,,
2026-07-07T07:32:22.472807+00:00,ibm,ibm_fez,156,True,6,0.04431,0.02497,135.8,99.0,"cz,delay,id,if_else,measure,reset,rz,sx,x",352,0.0146,1.0,100000,,,Heron r2,1.3.37,2024-05-14T04:00:00+00:00,2026-07-07T07:07:42+00:00,4.0,68.2,1700.0,0.03115,0.018796,0.25,320000,300,
2026-07-07T07:32:22.472807+00:00,ibm,ibm_marrakesh,156,True,78,0.05372,0.03198,153.5,83.8,"cz,delay,id,if_else,measure,reset,rz,sx,x",352,0.0146,1.0,100000,,,Heron r2,1.0.21,2024-08-07T04:00:00+00:00,2026-07-07T06:47:52+00:00,4.0,68.8,2180.0,0.037454,0.026511,0.25,300000,300,
2026-07-07T07:32:22.472807+00:00,ibm,ibm_kingston,156,True,260,0.03419,0.01871,247.0,141.4,"cz,delay,id,if_else,measure,measure_2,reset,rz,sx,x",352,0.0146,0.994,100000,,,Heron r2,1.0.0,2025-02-20T05:00:00+00:00,2026-07-07T07:05:23+00:00,4.0,68.4,2180.0,0.024045,0.013371,0.25,340000,300,
2026-07-07T07:32:22.472807+00:00,ionq,qpu.harmony,11,0,,,,,,,,,,,,,,,,,,,,,,,,,
2026-07-07T07:32:22.472807+00:00,ionq,qpu.aria-1,25,0,,,,,,,,,,,,,,,,,,,,,,,,,
2026-07-07T07:32:22.472807+00:00,ionq,qpu.aria-2,25,0,,,,,,,,,,,,,,,,,,,,,,,,,
2026-07-07T07:32:22.472807+00:00,ionq,qpu.forte-1,36,1,,,,,,,,,,,,,,,,,,,,,,,,,
2026-07-07T07:32:22.472807+00:00,ionq,qpu.forte-enterprise-1,36,0,,,,,,,,,,,,,,,,,,,,,,,,,
2026-07-07T07:32:22.472807+00:00,ionq,simulator,29,1,,,,,,,,,,,,,,,,,,,,,,,,,
2026-07-07T07:32:22.472807+00:00,braket/ionq,Aria 1,25,0,,,,,,,,,,,,,,,,,,,,,,,,,
2026-07-07T07:32:22.472807+00:00,braket/quera,Aquila,256,1,,,,,,,,,,,,,,,,,,,,,,,,,
2026-07-07T07:32:22.472807+00:00,braket/ionq,Harmony,11,0,,,,,,,,,,,,,,,,,,,,,,,,,
2026-07-07T07:32:22.472807+00:00,braket/amazon braket,TN1,50,0,,,,,,,,,,,,,,,,,,,,,,,,,
2026-07-07T07:32:22.472807+00:00,braket/ionq,Aria 2,25,0,,,,,,,,,,,,,,,,,,,,,,,,,
2026-07-07T07:32:22.472807+00:00,braket/amazon braket,SV1,34,1,,,,,,,,,,,,,,,,,,,,,,,,,
2026-07-07T07:32:22.472807+00:00,braket/xanadu,Borealis,,0,,,,,,,,,,,,,,,,,,,,,,,,,
2026-07-07T07:32:22.472807+00:00,braket/amazon braket,dm1,17,1,,,,,,,,,,,,,,,,,,,,,,,,,
2026-07-07T07:32:22.472807+00:00,braket/ionq,Forte 1,36,1,,,,,,,,,,,,,,,,,,,,,,,,,
2026-07-07T07:32:22.472807+00:00,braket/ionq,Forte Enterprise 1,36,0,,,,,,,,,,,,,,,,,,,,,,,,,
2026-07-07T10:49:36.147639+00:00,ibm,ibm_fez,156,True,5,0.04423,0.02497,135.8,99.0,"cz,delay,id,if_else,measure,reset,rz,sx,x",352,0.0146,1.0,100000,,,Heron r2,1.3.37,2024-05-14T04:00:00+00:00,2026-07-07T10:07:33+00:00,4.0,68.2,1700.0,0.03115,0.018796,0.25,320000,300,
2026-07-07T10:49:36.147639+00:00,ibm,ibm_marrakesh,156,True,127,0.05129,0.03198,153.5,83.8,"cz,delay,id,if_else,measure,reset,rz,sx,x",352,0.0146,1.0,100000,,,Heron r2,1.0.21,2024-08-07T04:00:00+00:00,2026-07-07T10:27:39+00:00,4.0,68.8,2180.0,0.037454,0.026511,0.25,300000,300,
2026-07-07T10:49:36.147639+00:00,ibm,ibm_kingston,156,True,245,0.0339,0.01871,247.0,141.4,"cz,delay,id,if_else,measure,measure_2,reset,rz,sx,x",352,0.0146,0.994,100000,,,Heron r2,1.0.0,2025-02-20T05:00:00+00:00,2026-07-07T09:52:52+00:00,4.0,68.4,2180.0,0.024045,0.013371,0.25,340000,300,
2026-07-07T10:49:36.147639+00:00,ionq,qpu.harmony,11,0,,,,,,,,,,,,,,,,,,,,,,,,,
2026-07-07T10:49:36.147639+00:00,ionq,qpu.aria-1,25,0,,,,,,,,,,,,,,,,,,,,,,,,,
2026-07-07T10:49:36.147639+00:00,ionq,qpu.aria-2,25,0,,,,,,,,,,,,,,,,,,,,,,,,,
2026-07-07T10:49:36.147639+00:00,ionq,qpu.forte-1,36,1,,,,,,,,,,,,,,,,,,,,,,,,,
2026-07-07T10:49:36.147639+00:00,ionq,qpu.forte-enterprise-1,36,0,,,,,,,,,,,,,,,,,,,,,,,,,
2026-07-07T10:49:36.147639+00:00,ionq,simulator,29,1,,,,,,,,,,,,,,,,,,,,,,,,,
2026-07-07T10:49:36.147639+00:00,braket/ionq,Aria 1,25,0,,,,,,,,,,,,,,,,,,,,,,,,,
2026-07-07T10:49:36.147639+00:00,braket/quera,Aquila,256,1,,,,,,,,,,,,,,,,,,,,,,,,,
2026-07-07T10:49:36.147639+00:00,braket/ionq,Harmony,11,0,,,,,,,,,,,,,,,,,,,,,,,,,
2026-07-07T10:49:36.147639+00:00,braket/amazon braket,TN1,50,0,,,,,,,,,,,,,,,,,,,,,,,,,
2026-07-07T10:49:36.147639+00:00,braket/ionq,Aria 2,25,0,,,,,,,,,,,,,,,,,,,,,,,,,
2026-07-07T10:49:36.147639+00:00,braket/amazon braket,SV1,34,1,,,,,,,,,,,,,,,,,,,,,,,,,
2026-07-07T10:49:36.147639+00:00,braket/xanadu,Borealis,,0,,,,,,,,,,,,,,,,,,,,,,,,,
2026-07-07T10:49:36.147639+00:00,braket/amazon braket,dm1,17,1,,,,,,,,,,,,,,,,,,,,,,,,,
2026-07-07T10:49:36.147639+00:00,braket/ionq,Forte 1,36,1,,,,,,,,,,,,,,,,,,,,,,,,,
2026-07-07T10:49:36.147639+00:00,braket/ionq,Forte Enterprise 1,36,0,,,,,,,,,,,,,,,,,,,,,,,,,
2026-07-07T14:13:19.080836+00:00,ibm,ibm_fez,156,True,37,0.04419,0.02395,135.8,99.0,"cz,delay,id,if_else,measure,reset,rz,sx,x",352,0.0146,1.0,100000,,,Heron r2,1.3.37,2024-05-14T04:00:00+00:00,2026-07-07T13:31:56+00:00,4.0,68.2,1700.0,0.026261,0.021683,0.25,320000,300,
2026-07-07T14:13:19.080836+00:00,ibm,ibm_marrakesh,156,True,37,0.05107,0.03606,153.5,83.8,"cz,delay,id,if_else,measure,reset,rz,sx,x",352,0.0146,1.0,100000,,,Heron r2,1.0.21,2024-08-07T04:00:00+00:00,2026-07-07T13:55:13+00:00,4.0,68.8,2180.0,0.042964,0.029381,0.25,300000,300,
2026-07-07T14:13:19.080836+00:00,ibm,ibm_kingston,156,True,122,0.0339,0.01847,247.0,141.4,"cz,delay,id,if_else,measure,measure_2,reset,rz,sx,x",352,0.0146,0.994,100000,,,Heron r2,1.0.0,2025-02-20T05:00:00+00:00,2026-07-07T13:57:13+00:00,4.0,68.4,2180.0,0.023312,0.013434,0.25,340000,300,
2026-07-07T14:13:19.080836+00:00,ionq,qpu.harmony,11,0,,,,,,,,,,,,,,,,,,,,,,,,,
2026-07-07T14:13:19.080836+00:00,ionq,qpu.aria-1,25,0,,,,,,,,,,,,,,,,,,,,,,,,,
2026-07-07T14:13:19.080836+00:00,ionq,qpu.aria-2,25,0,,,,,,,,,,,,,,,,,,,,,,,,,
2026-07-07T14:13:19.080836+00:00,ionq,qpu.forte-1,36,1,,,,,,,,,,,,,,,,,,,,,,,,,
2026-07-07T14:13:19.080836+00:00,ionq,qpu.forte-enterprise-1,36,0,,,,,,,,,,,,,,,,,,,,,,,,,
2026-07-07T14:13:19.080836+00:00,ionq,simulator,29,1,,,,,,,,,,,,,,,,,,,,,,,,,
2026-07-07T14:13:19.080836+00:00,braket/ionq,Aria 1,25,0,,,,,,,,,,,,,,,,,,,,,,,,,
2026-07-07T14:13:19.080836+00:00,braket/quera,Aquila,256,1,,,,,,,,,,,,,,,,,,,,,,,,,
2026-07-07T14:13:19.080836+00:00,braket/ionq,Harmony,11,0,,,,,,,,,,,,,,,,,,,,,,,,,
2026-07-07T14:13:19.080836+00:00,braket/amazon braket,TN1,50,0,,,,,,,,,,,,,,,,,,,,,,,,,
2026-07-07T14:13:19.080836+00:00,braket/ionq,Aria 2,25,0,,,,,,,,,,,,,,,,,,,,,,,,,
2026-07-07T14:13:19.080836+00:00,braket/amazon braket,SV1,34,1,,,,,,,,,,,,,,,,,,,,,,,,,
2026-07-07T14:13:19.080836+00:00,braket/xanadu,Borealis,,0,,,,,,,,,,,,,,,,,,,,,,,,,
2026-07-07T14:13:19.080836+00:00,braket/amazon braket,dm1,17,1,,,,,,,,,,,,,,,,,,,,,,,,,
2026-07-07T14:13:19.080836+00:00,braket/ionq,Forte 1,36,1,,,,,,,,,,,,,,,,,,,,,,,,,
2026-07-07T14:13:19.080836+00:00,braket/ionq,Forte Enterprise 1,36,0,,,,,,,,,,,,,,,,,,,,,,,,,
2026-07-07T17:53:55.861856+00:00,ibm,ibm_fez,156,True,18,0.04419,0.02395,135.8,99.0,"cz,delay,id,if_else,measure,reset,rz,sx,x",352,0.0146,1.0,100000,,,Heron r2,1.3.37,2024-05-14T04:00:00+00:00,2026-07-07T17:04:55+00:00,4.0,68.2,1700.0,0.026261,0.021683,0.25,320000,300,
2026-07-07T17:53:55.861856+00:00,ibm,ibm_marrakesh,156,True,5,0.05107,0.02926,153.5,83.8,"cz,delay,id,if_else,measure,reset,rz,sx,x",352,0.0146,1.0,100000,,,Heron r2,1.0.21,2024-08-07T04:00:00+00:00,2026-07-07T17:28:19+00:00,4.0,68.8,2180.0,0.036693,0.022428,0.25,300000,300,
2026-07-07T17:53:55.861856+00:00,ibm,ibm_kingston,156,True,1,0.0339,0.01783,247.0,141.4,"cz,delay,id,if_else,measure,measure_2,reset,rz,sx,x",352,0.0146,0.994,100000,,,Heron r2,1.0.0,2025-02-20T05:00:00+00:00,2026-07-07T17:40:00+00:00,4.0,68.4,2180.0,0.022283,0.013149,0.25,340000,300,
2026-07-07T17:53:55.861856+00:00,ionq,qpu.harmony,11,0,,,,,,,,,,,,,,,,,,,,,,,,,
2026-07-07T17:53:55.861856+00:00,ionq,qpu.aria-1,25,0,,,,,,,,,,,,,,,,,,,,,,,,,
2026-07-07T17:53:55.861856+00:00,ionq,qpu.aria-2,25,0,,,,,,,,,,,,,,,,,,,,,,,,,
2026-07-07T17:53:55.861856+00:00,ionq,qpu.forte-1,36,0,,,,,,,,,,,,,,,,,,,,,,,,,
2026-07-07T17:53:55.861856+00:00,ionq,qpu.forte-enterprise-1,36,0,,,,,,,,,,,,,,,,,,,,,,,,,
2026-07-07T17:53:55.861856+00:00,ionq,simulator,29,1,,,,,,,,,,,,,,,,,,,,,,,,,
2026-07-07T17:53:55.861856+00:00,braket/ionq,Aria 1,25,0,,,,,,,,,,,,,,,,,,,,,,,,,
2026-07-07T17:53:55.861856+00:00,braket/quera,Aquila,256,1,,,,,,,,,,,,,,,,,,,,,,,,,
2026-07-07T17:53:55.861856+00:00,braket/ionq,Harmony,11,0,,,,,,,,,,,,,,,,,,,,,,,,,
2026-07-07T17:53:55.861856+00:00,braket/amazon braket,TN1,50,0,,,,,,,,,,,,,,,,,,,,,,,,,
2026-07-07T17:53:55.861856+00:00,braket/ionq,Aria 2,25,0,,,,,,,,,,,,,,,,,,,,,,,,,
2026-07-07T17:53:55.861856+00:00,braket/amazon braket,SV1,34,1,,,,,,,,,,,,,,,,,,,,,,,,,
2026-07-07T17:53:55.861856+00:00,braket/xanadu,Borealis,,0,,,,,,,,,,,,,,,,,,,,,,,,,
2026-07-07T17:53:55.861856+00:00,braket/amazon braket,dm1,17,1,,,,,,,,,,,,,,,,,,,,,,,,,
2026-07-07T17:53:55.861856+00:00,braket/ionq,Forte 1,36,0,,,,,,,,,,,,,,,,,,,,,,,,,
2026-07-07T17:53:55.861856+00:00,braket/ionq,Forte Enterprise 1,36,0,,,,,,,,,,,,,,,,,,,,,,,,,
2026-07-07T19:45:22.696286+00:00,ibm,ibm_fez,156,True,37,0.04419,0.02395,135.8,99.0,"cz,delay,id,if_else,measure,reset,rz,sx,x",352,0.0146,1.0,100000,,,Heron r2,1.3.37,2024-05-14T04:00:00+00:00,2026-07-07T17:04:55+00:00,4.0,68.2,1700.0,0.026261,0.021683,0.25,320000,300,
2026-07-07T19:45:22.696286+00:00,ibm,ibm_marrakesh,156,True,15,0.05107,0.02926,153.5,83.8,"cz,delay,id,if_else,measure,reset,rz,sx,x",352,0.0146,1.0,100000,,,Heron r2,1.0.21,2024-08-07T04:00:00+00:00,2026-07-07T19:01:07+00:00,4.0,68.8,2180.0,0.036693,0.022428,0.25,300000,300,
2026-07-07T19:45:22.696286+00:00,ibm,ibm_kingston,156,True,40,0.0339,0.01783,247.0,141.4,"cz,delay,id,if_else,measure,measure_2,reset,rz,sx,x",352,0.0146,0.994,100000,,,Heron r2,1.0.0,2025-02-20T05:00:00+00:00,2026-07-07T19:20:26+00:00,4.0,68.4,2180.0,0.022283,0.013149,0.25,340000,300,
2026-07-07T19:45:22.696286+00:00,ionq,qpu.harmony,11,0,,,,,,,,,,,,,,,,,,,,,,,,,
2026-07-07T19:45:22.696286+00:00,ionq,qpu.aria-1,25,0,,,,,,,,,,,,,,,,,,,,,,,,,
2026-07-07T19:45:22.696286+00:00,ionq,qpu.aria-2,25,0,,,,,,,,,,,,,,,,,,,,,,,,,
2026-07-07T19:45:22.696286+00:00,ionq,qpu.forte-1,36,0,,,,,,,,,,,,,,,,,,,,,,,,,
2026-07-07T19:45:22.696286+00:00,ionq,qpu.forte-enterprise-1,36,0,,,,,,,,,,,,,,,,,,,,,,,,,
2026-07-07T19:45:22.696286+00:00,ionq,simulator,29,1,,,,,,,,,,,,,,,,,,,,,,,,,
2026-07-07T19:45:22.696286+00:00,braket/ionq,Aria 1,25,0,,,,,,,,,,,,,,,,,,,,,,,,,
2026-07-07T19:45:22.696286+00:00,braket/quera,Aquila,256,1,,,,,,,,,,,,,,,,,,,,,,,,,
2026-07-07T19:45:22.696286+00:00,braket/ionq,Harmony,11,0,,,,,,,,,,,,,,,,,,,,,,,,,
2026-07-07T19:45:22.696286+00:00,braket/amazon braket,TN1,50,0,,,,,,,,,,,,,,,,,,,,,,,,,
2026-07-07T19:45:22.696286+00:00,braket/ionq,Aria 2,25,0,,,,,,,,,,,,,,,,,,,,,,,,,
2026-07-07T19:45:22.696286+00:00,braket/amazon braket,SV1,34,1,,,,,,,,,,,,,,,,,,,,,,,,,
2026-07-07T19:45:22.696286+00:00,braket/xanadu,Borealis,,0,,,,,,,,,,,,,,,,,,,,,,,,,
2026-07-07T19:45:22.696286+00:00,braket/amazon braket,dm1,17,1,,,,,,,,,,,,,,,,,,,,,,,,,
2026-07-07T19:45:22.696286+00:00,braket/ionq,Forte 1,36,0,,,,,,,,,,,,,,,,,,,,,,,,,
2026-07-07T19:45:22.696286+00:00,braket/ionq,Forte Enterprise 1,36,0,,,,,,,,,,,,,,,,,,,,,,,,,
2026-07-07T21:17:35.356148+00:00,ibm,ibm_fez,156,True,216,0.04419,0.02395,135.8,99.0,"cz,delay,id,if_else,measure,reset,rz,sx,x",352,0.0146,1.0,100000,,,Heron r2,1.3.37,2024-05-14T04:00:00+00:00,2026-07-07T17:04:55+00:00,4.0,68.2,1700.0,0.026261,0.021683,0.25,320000,300,
2026-07-07T21:17:35.356148+00:00,ibm,ibm_marrakesh,156,True,265,0.05107,0.02926,153.5,83.8,"cz,delay,id,if_else,measure,reset,rz,sx,x",352,0.0146,1.0,100000,,,Heron r2,1.0.21,2024-08-07T04:00:00+00:00,2026-07-07T19:01:07+00:00,4.0,68.8,2180.0,0.036693,0.022428,0.25,300000,300,
2026-07-07T21:17:35.356148+00:00,ibm,ibm_kingston,156,True,211,0.0339,0.01783,247.0,141.4,"cz,delay,id,if_else,measure,measure_2,reset,rz,sx,x",352,0.0146,0.994,100000,,,Heron r2,1.0.0,2025-02-20T05:00:00+00:00,2026-07-07T20:53:05+00:00,4.0,68.4,2180.0,0.022283,0.013149,0.25,340000,300,
2026-07-07T21:17:35.356148+00:00,ionq,qpu.harmony,11,0,,,,,,,,,,,,,,,,,,,,,,,,,
2026-07-07T21:17:35.356148+00:00,ionq,qpu.aria-1,25,0,,,,,,,,,,,,,,,,,,,,,,,,,
2026-07-07T21:17:35.356148+00:00,ionq,qpu.aria-2,25,0,,,,,,,,,,,,,,,,,,,,,,,,,
2026-07-07T21:17:35.356148+00:00,ionq,qpu.forte-1,36,0,,,,,,,,,,,,,,,,,,,,,,,,,
2026-07-07T21:17:35.356148+00:00,ionq,qpu.forte-enterprise-1,36,0,,,,,,,,,,,,,,,,,,,,,,,,,
2026-07-07T21:17:35.356148+00:00,ionq,simulator,29,1,,,,,,,,,,,,,,,,,,,,,,,,,
2026-07-07T21:17:35.356148+00:00,braket/ionq,Aria 1,25,0,,,,,,,,,,,,,,,,,,,,,,,,,
2026-07-07T21:17:35.356148+00:00,braket/quera,Aquila,256,1,,,,,,,,,,,,,,,,,,,,,,,,,
2026-07-07T21:17:35.356148+00:00,braket/ionq,Harmony,11,0,,,,,,,,,,,,,,,,,,,,,,,,,
2026-07-07T21:17:35.356148+00:00,braket/amazon braket,TN1,50,0,,,,,,,,,,,,,,,,,,,,,,,,,
2026-07-07T21:17:35.356148+00:00,braket/ionq,Aria 2,25,0,,,,,,,,,,,,,,,,,,,,,,,,,
2026-07-07T21:17:35.356148+00:00,braket/amazon braket,SV1,34,1,,,,,,,,,,,,,,,,,,,,,,,,,
2026-07-07T21:17:35.356148+00:00,braket/xanadu,Borealis,,0,,,,,,,,,,,,,,,,,,,,,,,,,
2026-07-07T21:17:35.356148+00:00,braket/amazon braket,dm1,17,1,,,,,,,,,,,,,,,,,,,,,,,,,
2026-07-07T21:17:35.356148+00:00,braket/ionq,Forte 1,36,0,,,,,,,,,,,,,,,,,,,,,,,,,
2026-07-07T21:17:35.356148+00:00,braket/ionq,Forte Enterprise 1,36,0,,,,,,,,,,,,,,,,,,,,,,,,,
2026-07-07T22:54:21.447646+00:00,ibm,ibm_fez,156,True,261,0.04419,0.02395,135.8,99.0,"cz,delay,id,if_else,measure,reset,rz,sx,x",352,0.0146,1.0,100000,,,Heron r2,1.3.37,2024-05-14T04:00:00+00:00,2026-07-07T17:04:55+00:00,4.0,68.2,1700.0,0.026261,0.021683,0.25,320000,300,
2026-07-07T22:54:21.447646+00:00,ibm,ibm_marrakesh,156,True,150,0.05107,0.02429,153.5,83.8,"cz,delay,id,if_else,measure,reset,rz,sx,x",352,0.0146,1.0,100000,,,Heron r2,1.0.21,2024-08-07T04:00:00+00:00,2026-07-07T21:46:15+00:00,4.0,68.8,2180.0,0.033954,0.015287,0.25,300000,300,
2026-07-07T22:54:21.447646+00:00,ibm,ibm_kingston,156,True,139,0.0339,0.01783,247.0,141.4,"cz,delay,id,if_else,measure,measure_2,reset,rz,sx,x",352,0.0146,0.994,100000,,,Heron r2,1.0.0,2025-02-20T05:00:00+00:00,2026-07-07T22:17:36+00:00,4.0,68.4,2180.0,0.022283,0.013149,0.25,340000,300,
2026-07-07T22:54:21.447646+00:00,ionq,qpu.harmony,11,0,,,,,,,,,,,,,,,,,,,,,,,,,
2026-07-07T22:54:21.447646+00:00,ionq,qpu.aria-1,25,0,,,,,,,,,,,,,,,,,,,,,,,,,
2026-07-07T22:54:21.447646+00:00,ionq,qpu.aria-2,25,0,,,,,,,,,,,,,,,,,,,,,,,,,
2026-07-07T22:54:21.447646+00:00,ionq,qpu.forte-1,36,0,,,,,,,,,,,,,,,,,,,,,,,,,
2026-07-07T22:54:21.447646+00:00,ionq,qpu.forte-enterprise-1,36,0,,,,,,,,,,,,,,,,,,,,,,,,,
2026-07-07T22:54:21.447646+00:00,ionq,simulator,29,1,,,,,,,,,,,,,,,,,,,,,,,,,
2026-07-07T22:54:21.447646+00:00,braket/ionq,Aria 1,25,0,,,,,,,,,,,,,,,,,,,,,,,,,
2026-07-07T22:54:21.447646+00:00,braket/quera,Aquila,256,1,,,,,,,,,,,,,,,,,,,,,,,,,
2026-07-07T22:54:21.447646+00:00,braket/ionq,Harmony,11,0,,,,,,,,,,,,,,,,,,,,,,,,,
2026-07-07T22:54:21.447646+00:00,braket/amazon braket,TN1,50,0,,,,,,,,,,,,,,,,,,,,,,,,,
2026-07-07T22:54:21.447646+00:00,braket/ionq,Aria 2,25,0,,,,,,,,,,,,,,,,,,,,,,,,,
2026-07-07T22:54:21.447646+00:00,braket/amazon braket,SV1,34,1,,,,,,,,,,,,,,,,,,,,,,,,,
2026-07-07T22:54:21.447646+00:00,braket/xanadu,Borealis,,0,,,,,,,,,,,,,,,,,,,,,,,,,
2026-07-07T22:54:21.447646+00:00,braket/amazon braket,dm1,17,1,,,,,,,,,,,,,,,,,,,,,,,,,
2026-07-07T22:54:21.447646+00:00,braket/ionq,Forte 1,36,0,,,,,,,,,,,,,,,,,,,,,,,,,
2026-07-07T22:54:21.447646+00:00,braket/ionq,Forte Enterprise 1,36,0,,,,,,,,,,,,,,,,,,,,,,,,,
2026-07-08T01:59:54.579169+00:00,ibm,ibm_fez,156,True,195,0.04419,0.02224,135.8,99.0,"cz,delay,id,if_else,measure,reset,rz,sx,x",352,0.0146,1.0,100000,,,Heron r2,1.3.37,2024-05-14T04:00:00+00:00,2026-07-08T01:37:56+00:00,4.0,68.2,1700.0,0.030719,0.01383,0.25,320000,300,
2026-07-08T01:59:54.579169+00:00,ibm,ibm_marrakesh,156,True,68,0.05107,0.03235,153.5,83.8,"cz,delay,id,if_else,measure,reset,rz,sx,x",352,0.0146,1.0,100000,,,Heron r2,1.0.21,2024-08-07T04:00:00+00:00,2026-07-07T23:41:55+00:00,4.0,68.8,2180.0,0.035087,0.030222,0.25,300000,300,
2026-07-08T01:59:54.579169+00:00,ibm,ibm_kingston,156,True,68,0.0339,0.02045,247.0,141.4,"cz,delay,id,if_else,measure,measure_2,reset,rz,sx,x",352,0.0146,0.994,100000,,,Heron r2,1.0.0,2025-02-20T05:00:00+00:00,2026-07-08T01:15:38+00:00,4.0,68.4,2180.0,0.02096,0.019785,0.25,340000,300,
2026-07-08T01:59:54.579169+00:00,ionq,qpu.harmony,11,0,,,,,,,,,,,,,,,,,,,,,,,,,
2026-07-08T01:59:54.579169+00:00,ionq,qpu.aria-1,25,0,,,,,,,,,,,,,,,,,,,,,,,,,
2026-07-08T01:59:54.579169+00:00,ionq,qpu.aria-2,25,0,,,,,,,,,,,,,,,,,,,,,,,,,
2026-07-08T01:59:54.579169+00:00,ionq,qpu.forte-1,36,0,,,,,,,,,,,,,,,,,,,,,,,,,
2026-07-08T01:59:54.579169+00:00,ionq,qpu.forte-enterprise-1,36,0,,,,,,,,,,,,,,,,,,,,,,,,,
2026-07-08T01:59:54.579169+00:00,ionq,simulator,29,1,,,,,,,,,,,,,,,,,,,,,,,,,
2026-07-08T01:59:54.579169+00:00,braket/ionq,Aria 1,25,0,,,,,,,,,,,,,,,,,,,,,,,,,
2026-07-08T01:59:54.579169+00:00,braket/quera,Aquila,256,1,,,,,,,,,,,,,,,,,,,,,,,,,
2026-07-08T01:59:54.579169+00:00,braket/ionq,Harmony,11,0,,,,,,,,,,,,,,,,,,,,,,,,,
2026-07-08T01:59:54.579169+00:00,braket/amazon braket,TN1,50,0,,,,,,,,,,,,,,,,,,,,,,,,,
2026-07-08T01:59:54.579169+00:00,braket/ionq,Aria 2,25,0,,,,,,,,,,,,,,,,,,,,,,,,,
2026-07-08T01:59:54.579169+00:00,braket/amazon braket,SV1,34,1,,,,,,,,,,,,,,,,,,,,,,,,,
2026-07-08T01:59:54.579169+00:00,braket/xanadu,Borealis,,0,,,,,,,,,,,,,,,,,,,,,,,,,
2026-07-08T01:59:54.579169+00:00,braket/amazon braket,dm1,17,1,,,,,,,,,,,,,,,,,,,,,,,,,
2026-07-08T01:59:54.579169+00:00,braket/ionq,Forte 1,36,0,,,,,,,,,,,,,,,,,,,,,,,,,
2026-07-08T01:59:54.579169+00:00,braket/ionq,Forte Enterprise 1,36,0,,,,,,,,,,,,,,,,,,,,,,,,,
2026-07-08T05:26:41.311963+00:00,ibm,ibm_fez,156,True,37,0.04419,0.02225,135.8,99.0,"cz,delay,id,if_else,measure,reset,rz,sx,x",352,0.0146,1.0,100000,,,Heron r2,1.3.37,2024-05-14T04:00:00+00:00,2026-07-08T03:44:44+00:00,4.0,68.2,1700.0,0.030759,0.013805,0.25,320000,300,
2026-07-08T05:26:41.311963+00:00,ibm,ibm_marrakesh,156,True,10,0.05107,0.03219,153.5,83.8,"cz,delay,id,if_else,measure,reset,rz,sx,x",352,0.0146,1.0,100000,,,Heron r2,1.0.21,2024-08-07T04:00:00+00:00,2026-07-08T04:56:40+00:00,4.0,68.8,2180.0,0.035857,0.02853,0.25,300000,300,
2026-07-08T05:26:41.311963+00:00,ibm,ibm_kingston,156,True,9,0.0339,0.02053,247.0,141.4,"cz,delay,id,if_else,measure,measure_2,reset,rz,sx,x",352,0.0146,0.994,100000,,,Heron r2,1.0.0,2025-02-20T05:00:00+00:00,2026-07-08T04:39:05+00:00,4.0,68.4,2180.0,0.026934,0.014016,0.25,340000,300,
2026-07-08T05:26:41.311963+00:00,ionq,qpu.harmony,11,0,,,,,,,,,,,,,,,,,,,,,,,,,
2026-07-08T05:26:41.311963+00:00,ionq,qpu.aria-1,25,0,,,,,,,,,,,,,,,,,,,,,,,,,
2026-07-08T05:26:41.311963+00:00,ionq,qpu.aria-2,25,0,,,,,,,,,,,,,,,,,,,,,,,,,
2026-07-08T05:26:41.311963+00:00,ionq,qpu.forte-1,36,0,,,,,,,,,,,,,,,,,,,,,,,,,
2026-07-08T05:26:41.311963+00:00,ionq,qpu.forte-enterprise-1,36,0,,,,,,,,,,,,,,,,,,,,,,,,,
2026-07-08T05:26:41.311963+00:00,ionq,simulator,29,1,,,,,,,,,,,,,,,,,,,,,,,,,
2026-07-08T05:26:41.311963+00:00,braket/ionq,Aria 1,25,0,,,,,,,,,,,,,,,,,,,,,,,,,
2026-07-08T05:26:41.311963+00:00,braket/quera,Aquila,256,1,,,,,,,,,,,,,,,,,,,,,,,,,
2026-07-08T05:26:41.311963+00:00,braket/ionq,Harmony,11,0,,,,,,,,,,,,,,,,,,,,,,,,,
2026-07-08T05:26:41.311963+00:00,braket/amazon braket,TN1,50,0,,,,,,,,,,,,,,,,,,,,,,,,,
2026-07-08T05:26:41.311963+00:00,braket/ionq,Aria 2,25,0,,,,,,,,,,,,,,,,,,,,,,,,,
2026-07-08T05:26:41.311963+00:00,braket/amazon braket,SV1,34,1,,,,,,,,,,,,,,,,,,,,,,,,,
2026-07-08T05:26:41.311963+00:00,braket/xanadu,Borealis,,0,,,,,,,,,,,,,,,,,,,,,,,,,
2026-07-08T05:26:41.311963+00:00,braket/amazon braket,dm1,17,1,,,,,,,,,,,,,,,,,,,,,,,,,
2026-07-08T05:26:41.311963+00:00,braket/ionq,Forte 1,36,0,,,,,,,,,,,,,,,,,,,,,,,,,
2026-07-08T05:26:41.311963+00:00,braket/ionq,Forte Enterprise 1,36,0,,,,,,,,,,,,,,,,,,,,,,,,,
2026-07-08T08:13:16.452406+00:00,ibm,ibm_fez,156,True,44,0.04419,0.02483,137.6,96.7,"cz,delay,id,if_else,measure,reset,rz,sx,x",352,0.0146,1.0,100000,,,Heron r2,1.3.37,2024-05-14T04:00:00+00:00,2026-07-08T07:50:41+00:00,4.0,68.2,1700.0,0.033228,0.016433,0.25,320000,300,
2026-07-08T08:13:16.452406+00:00,ibm,ibm_marrakesh,156,True,5,0.05107,0.03219,158.9,78.5,"cz,delay,id,if_else,measure,reset,rz,sx,x",352,0.0146,1.0,100000,,,Heron r2,1.0.21,2024-08-07T04:00:00+00:00,2026-07-08T05:28:31+00:00,4.0,68.8,2180.0,0.035857,0.02853,0.25,300000,300,
2026-07-08T08:13:16.452406+00:00,ibm,ibm_kingston,156,True,2,0.0339,0.01851,237.9,143.8,"cz,delay,id,if_else,measure,measure_2,reset,rz,sx,x",352,0.0146,0.994,100000,,,Heron r2,1.0.0,2025-02-20T05:00:00+00:00,2026-07-08T07:19:40+00:00,4.0,68.4,2180.0,0.025453,0.011572,0.25,340000,300,
2026-07-08T08:13:16.452406+00:00,ionq,qpu.harmony,11,0,,,,,,,,,,,,,,,,,,,,,,,,,
2026-07-08T08:13:16.452406+00:00,ionq,qpu.aria-1,25,0,,,,,,,,,,,,,,,,,,,,,,,,,
2026-07-08T08:13:16.452406+00:00,ionq,qpu.aria-2,25,0,,,,,,,,,,,,,,,,,,,,,,,,,
2026-07-08T08:13:16.452406+00:00,ionq,qpu.forte-1,36,0,,,,,,,,,,,,,,,,,,,,,,,,,
2026-07-08T08:13:16.452406+00:00,ionq,qpu.forte-enterprise-1,36,0,,,,,,,,,,,,,,,,,,,,,,,,,
2026-07-08T08:13:16.452406+00:00,ionq,simulator,29,1,,,,,,,,,,,,,,,,,,,,,,,,,
2026-07-08T08:13:16.452406+00:00,braket/ionq,Aria 1,25,0,,,,,,,,,,,,,,,,,,,,,,,,,
2026-07-08T08:13:16.452406+00:00,braket/quera,Aquila,256,1,,,,,,,,,,,,,,,,,,,,,,,,,
2026-07-08T08:13:16.452406+00:00,braket/ionq,Harmony,11,0,,,,,,,,,,,,,,,,,,,,,,,,,
2026-07-08T08:13:16.452406+00:00,braket/amazon braket,TN1,50,0,,,,,,,,,,,,,,,,,,,,,,,,,
2026-07-08T08:13:16.452406+00:00,braket/ionq,Aria 2,25,0,,,,,,,,,,,,,,,,,,,,,,,,,
2026-07-08T08:13:16.452406+00:00,braket/amazon braket,SV1,34,1,,,,,,,,,,,,,,,,,,,,,,,,,
2026-07-08T08:13:16.452406+00:00,braket/xanadu,Borealis,,0,,,,,,,,,,,,,,,,,,,,,,,,,
2026-07-08T08:13:16.452406+00:00,braket/amazon braket,dm1,17,1,,,,,,,,,,,,,,,,,,,,,,,,,
2026-07-08T08:13:16.452406+00:00,braket/ionq,Forte 1,36,0,,,,,,,,,,,,,,,,,,,,,,,,,
2026-07-08T08:13:16.452406+00:00,braket/ionq,Forte Enterprise 1,36,0,,,,,,,,,,,,,,,,,,,,,,,,,
2026-07-08T11:43:50.646920+00:00,ibm,ibm_fez,156,True,3,0.04402,0.02483,137.6,96.7,"cz,delay,id,if_else,measure,reset,rz,sx,x",352,0.0146,1.0,100000,,,Heron r2,1.3.37,2024-05-14T04:00:00+00:00,2026-07-08T10:46:33+00:00,4.0,68.2,1700.0,0.033228,0.016433,0.25,320000,300,
2026-07-08T11:43:50.646920+00:00,ibm,ibm_marrakesh,156,True,2,0.05115,0.02843,158.9,78.5,"cz,delay,id,if_else,measure,reset,rz,sx,x",352,0.0146,1.0,100000,,,Heron r2,1.0.21,2024-08-07T04:00:00+00:00,2026-07-08T11:06:11+00:00,4.0,68.8,2180.0,0.03078,0.026384,0.25,300000,300,
2026-07-08T11:43:50.646920+00:00,ibm,ibm_kingston,156,True,1,0.03374,0.01851,237.9,143.8,"cz,delay,id,if_else,measure,measure_2,reset,rz,sx,x",352,0.0146,0.994,100000,,,Heron r2,1.0.0,2025-02-20T05:00:00+00:00,2026-07-08T11:05:29+00:00,4.0,68.4,2180.0,0.025453,0.011572,0.25,340000,300,
2026-07-08T11:43:50.646920+00:00,ionq,qpu.harmony,11,0,,,,,,,,,,,,,,,,,,,,,,,,,
2026-07-08T11:43:50.646920+00:00,ionq,qpu.aria-1,25,0,,,,,,,,,,,,,,,,,,,,,,,,,
2026-07-08T11:43:50.646920+00:00,ionq,qpu.aria-2,25,0,,,,,,,,,,,,,,,,,,,,,,,,,
2026-07-08T11:43:50.646920+00:00,ionq,qpu.forte-1,36,1,,,,,,,,,,,,,,,,,,,,,,,,,
2026-07-08T11:43:50.646920+00:00,ionq,qpu.forte-enterprise-1,36,0,,,,,,,,,,,,,,,,,,,,,,,,,
2026-07-08T11:43:50.646920+00:00,ionq,simulator,29,1,,,,,,,,,,,,,,,,,,,,,,,,,
2026-07-08T11:43:50.646920+00:00,braket/ionq,Aria 1,25,0,,,,,,,,,,,,,,,,,,,,,,,,,
2026-07-08T11:43:50.646920+00:00,braket/quera,Aquila,256,1,,,,,,,,,,,,,,,,,,,,,,,,,
2026-07-08T11:43:50.646920+00:00,braket/ionq,Harmony,11,0,,,,,,,,,,,,,,,,,,,,,,,,,
2026-07-08T11:43:50.646920+00:00,braket/amazon braket,TN1,50,0,,,,,,,,,,,,,,,,,,,,,,,,,
2026-07-08T11:43:50.646920+00:00,braket/ionq,Aria 2,25,0,,,,,,,,,,,,,,,,,,,,,,,,,
2026-07-08T11:43:50.646920+00:00,braket/amazon braket,SV1,34,1,,,,,,,,,,,,,,,,,,,,,,,,,
2026-07-08T11:43:50.646920+00:00,braket/xanadu,Borealis,,0,,,,,,,,,,,,,,,,,,,,,,,,,
2026-07-08T11:43:50.646920+00:00,braket/amazon braket,dm1,17,1,,,,,,,,,,,,,,,,,,,,,,,,,
2026-07-08T11:43:50.646920+00:00,braket/ionq,Forte 1,36,1,,,,,,,,,,,,,,,,,,,,,,,,,
2026-07-08T11:43:50.646920+00:00,braket/ionq,Forte Enterprise 1,36,0,,,,,,,,,,,,,,,,,,,,,,,,,
2026-07-08T13:47:21.449109+00:00,ibm,ibm_fez,156,True,235,0.04396,0.02066,137.6,96.7,"cz,delay,id,if_else,measure,reset,rz,sx,x",352,0.0146,1.0,100000,,,Heron r2,1.3.37,2024-05-14T04:00:00+00:00,2026-07-08T13:33:13+00:00,4.0,68.2,1700.0,0.025217,0.015987,0.25,320000,300,
2026-07-08T13:47:21.449109+00:00,ibm,ibm_marrakesh,156,True,3,0.05115,0.02774,158.9,78.5,"cz,delay,id,if_else,measure,reset,rz,sx,x",352,0.0146,1.0,100000,,,Heron r2,1.0.21,2024-08-07T04:00:00+00:00,2026-07-08T13:22:24+00:00,4.0,68.8,2180.0,0.034967,0.020713,0.25,300000,300,
2026-07-08T13:47:21.449109+00:00,ibm,ibm_kingston,156,True,22,0.03374,0.01817,237.9,143.8,"cz,delay,id,if_else,measure,measure_2,reset,rz,sx,x",352,0.0146,0.994,100000,,,Heron r2,1.0.0,2025-02-20T05:00:00+00:00,2026-07-08T12:54:16+00:00,4.0,68.4,2180.0,0.025201,0.011129,0.25,340000,300,
2026-07-08T13:47:21.449109+00:00,ionq,qpu.harmony,11,0,,,,,,,,,,,,,,,,,,,,,,,,,
2026-07-08T13:47:21.449109+00:00,ionq,qpu.aria-1,25,0,,,,,,,,,,,,,,,,,,,,,,,,,
2026-07-08T13:47:21.449109+00:00,ionq,qpu.aria-2,25,0,,,,,,,,,,,,,,,,,,,,,,,,,
2026-07-08T13:47:21.449109+00:00,ionq,qpu.forte-1,36,1,,,,,,,,,,,,,,,,,,,,,,,,,
2026-07-08T13:47:21.449109+00:00,ionq,qpu.forte-enterprise-1,36,0,,,,,,,,,,,,,,,,,,,,,,,,,
2026-07-08T13:47:21.449109+00:00,ionq,simulator,29,1,,,,,,,,,,,,,,,,,,,,,,,,,
2026-07-08T13:47:21.449109+00:00,braket/ionq,Aria 1,25,0,,,,,,,,,,,,,,,,,,,,,,,,,
2026-07-08T13:47:21.449109+00:00,braket/quera,Aquila,256,1,,,,,,,,,,,,,,,,,,,,,,,,,
2026-07-08T13:47:21.449109+00:00,braket/ionq,Harmony,11,0,,,,,,,,,,,,,,,,,,,,,,,,,
2026-07-08T13:47:21.449109+00:00,braket/amazon braket,TN1,50,0,,,,,,,,,,,,,,,,,,,,,,,,,
2026-07-08T13:47:21.449109+00:00,braket/ionq,Aria 2,25,0,,,,,,,,,,,,,,,,,,,,,,,,,
2026-07-08T13:47:21.449109+00:00,braket/amazon braket,SV1,34,1,,,,,,,,,,,,,,,,,,,,,,,,,
2026-07-08T13:47:21.449109+00:00,braket/xanadu,Borealis,,0,,,,,,,,,,,,,,,,,,,,,,,,,
2026-07-08T13:47:21.449109+00:00,braket/amazon braket,dm1,17,1,,,,,,,,,,,,,,,,,,,,,,,,,
2026-07-08T13:47:21.449109+00:00,braket/ionq,Forte 1,36,1,,,,,,,,,,,,,,,,,,,,,,,,,
2026-07-08T13:47:21.449109+00:00,braket/ionq,Forte Enterprise 1,36,0,,,,,,,,,,,,,,,,,,,,,,,,,
2026-07-08T15:58:52.906745+00:00,ibm,ibm_fez,156,True,0,0.04396,0.02066,137.6,96.7,"cz,delay,id,if_else,measure,reset,rz,sx,x",352,0.0146,1.0,100000,,,Heron r2,1.3.37,2024-05-14T04:00:00+00:00,2026-07-08T15:15:53+00:00,4.0,68.2,1700.0,0.025217,0.015987,0.25,320000,300,
2026-07-08T15:58:52.906745+00:00,ibm,ibm_marrakesh,156,True,0,0.05115,0.02774,158.9,78.5,"cz,delay,id,if_else,measure,reset,rz,sx,x",352,0.0146,1.0,100000,,,Heron r2,1.0.21,2024-08-07T04:00:00+00:00,2026-07-08T13:51:48+00:00,4.0,68.8,2180.0,0.034967,0.020713,0.25,300000,300,
2026-07-08T15:58:52.906745+00:00,ibm,ibm_kingston,156,True,44,0.03374,0.01817,237.9,143.8,"cz,delay,id,if_else,measure,measure_2,reset,rz,sx,x",352,0.0146,0.994,100000,,,Heron r2,1.0.0,2025-02-20T05:00:00+00:00,2026-07-08T15:45:27+00:00,4.0,68.4,2180.0,0.025201,0.011129,0.25,340000,300,
2026-07-08T15:58:52.906745+00:00,ionq,qpu.harmony,11,0,,,,,,,,,,,,,,,,,,,,,,,,,
2026-07-08T15:58:52.906745+00:00,ionq,qpu.aria-1,25,0,,,,,,,,,,,,,,,,,,,,,,,,,
2026-07-08T15:58:52.906745+00:00,ionq,qpu.aria-2,25,0,,,,,,,,,,,,,,,,,,,,,,,,,
2026-07-08T15:58:52.906745+00:00,ionq,qpu.forte-1,36,1,,,,,,,,,,,,,,,,,,,,,,,,,
2026-07-08T15:58:52.906745+00:00,ionq,qpu.forte-enterprise-1,36,0,,,,,,,,,,,,,,,,,,,,,,,,,
2026-07-08T15:58:52.906745+00:00,ionq,simulator,29,1,,,,,,,,,,,,,,,,,,,,,,,,,
2026-07-08T15:58:52.906745+00:00,braket/ionq,Aria 1,25,0,,,,,,,,,,,,,,,,,,,,,,,,,
2026-07-08T15:58:52.906745+00:00,braket/quera,Aquila,256,1,,,,,,,,,,,,,,,,,,,,,,,,,
2026-07-08T15:58:52.906745+00:00,braket/ionq,Harmony,11,0,,,,,,,,,,,,,,,,,,,,,,,,,
2026-07-08T15:58:52.906745+00:00,braket/amazon braket,TN1,50,0,,,,,,,,,,,,,,,,,,,,,,,,,
2026-07-08T15:58:52.906745+00:00,braket/ionq,Aria 2,25,0,,,,,,,,,,,,,,,,,,,,,,,,,
2026-07-08T15:58:52.906745+00:00,braket/amazon braket,SV1,34,1,,,,,,,,,,,,,,,,,,,,,,,,,
2026-07-08T15:58:52.906745+00:00,braket/xanadu,Borealis,,0,,,,,,,,,,,,,,,,,,,,,,,,,
2026-07-08T15:58:52.906745+00:00,braket/amazon braket,dm1,17,1,,,,,,,,,,,,,,,,,,,,,,,,,
2026-07-08T15:58:52.906745+00:00,braket/ionq,Forte 1,36,1,,,,,,,,,,,,,,,,,,,,,,,,,
2026-07-08T15:58:52.906745+00:00,braket/ionq,Forte Enterprise 1,36,0,,,,,,,,,,,,,,,,,,,,,,,,,
2026-07-08T17:38:59.151439+00:00,ibm,ibm_fez,156,True,0,0.04396,0.02189,137.6,96.7,"cz,delay,id,if_else,measure,reset,rz,sx,x",352,0.0146,1.0,100000,,,Heron r2,1.3.37,2024-05-14T04:00:00+00:00,2026-07-08T16:53:44+00:00,4.0,68.2,1700.0,0.028572,0.015213,0.25,320000,300,
2026-07-08T17:38:59.151439+00:00,ibm,ibm_marrakesh,156,True,44,0.05115,0.02675,158.9,78.5,"cz,delay,id,if_else,measure,reset,rz,sx,x",352,0.0146,1.0,100000,,,Heron r2,1.0.21,2024-08-07T04:00:00+00:00,2026-07-08T17:00:47+00:00,4.0,68.8,2180.0,0.032422,0.021387,0.25,300000,300,
2026-07-08T17:38:59.151439+00:00,ibm,ibm_kingston,156,True,1,0.03374,0.01817,237.9,143.8,"cz,delay,id,if_else,measure,measure_2,reset,rz,sx,x",352,0.0146,0.994,100000,,,Heron r2,1.0.0,2025-02-20T05:00:00+00:00,2026-07-08T16:12:01+00:00,4.0,68.4,2180.0,0.025201,0.011129,0.25,340000,300,
2026-07-08T17:38:59.151439+00:00,ionq,qpu.harmony,11,0,,,,,,,,,,,,,,,,,,,,,,,,,
2026-07-08T17:38:59.151439+00:00,ionq,qpu.aria-1,25,0,,,,,,,,,,,,,,,,,,,,,,,,,
2026-07-08T17:38:59.151439+00:00,ionq,qpu.aria-2,25,0,,,,,,,,,,,,,,,,,,,,,,,,,
2026-07-08T17:38:59.151439+00:00,ionq,qpu.forte-1,36,1,,,,,,,,,,,,,,,,,,,,,,,,,
2026-07-08T17:38:59.151439+00:00,ionq,qpu.forte-enterprise-1,36,0,,,,,,,,,,,,,,,,,,,,,,,,,
2026-07-08T17:38:59.151439+00:00,ionq,simulator,29,1,,,,,,,,,,,,,,,,,,,,,,,,,
2026-07-08T17:38:59.151439+00:00,braket/ionq,Aria 1,25,0,,,,,,,,,,,,,,,,,,,,,,,,,
2026-07-08T17:38:59.151439+00:00,braket/quera,Aquila,256,1,,,,,,,,,,,,,,,,,,,,,,,,,
2026-07-08T17:38:59.151439+00:00,braket/ionq,Harmony,11,0,,,,,,,,,,,,,,,,,,,,,,,,,
2026-07-08T17:38:59.151439+00:00,braket/amazon braket,TN1,50,0,,,,,,,,,,,,,,,,,,,,,,,,,
2026-07-08T17:38:59.151439+00:00,braket/ionq,Aria 2,25,0,,,,,,,,,,,,,,,,,,,,,,,,,
2026-07-08T17:38:59.151439+00:00,braket/amazon braket,SV1,34,1,,,,,,,,,,,,,,,,,,,,,,,,,
2026-07-08T17:38:59.151439+00:00,braket/xanadu,Borealis,,0,,,,,,,,,,,,,,,,,,,,,,,,,
2026-07-08T17:38:59.151439+00:00,braket/amazon braket,dm1,17,1,,,,,,,,,,,,,,,,,,,,,,,,,
2026-07-08T17:38:59.151439+00:00,braket/ionq,Forte 1,36,1,,,,,,,,,,,,,,,,,,,,,,,,,
2026-07-08T17:38:59.151439+00:00,braket/ionq,Forte Enterprise 1,36,0,,,,,,,,,,,,,,,,,,,,,,,,,
2026-07-08T19:13:04.903119+00:00,ibm,ibm_fez,156,True,3,0.04396,0.02189,137.6,96.7,"cz,delay,id,if_else,measure,reset,rz,sx,x",352,0.0146,1.0,100000,,,Heron r2,1.3.37,2024-05-14T04:00:00+00:00,2026-07-08T18:19:25+00:00,4.0,68.2,1700.0,0.028572,0.015213,0.25,320000,300,
2026-07-08T19:13:04.903119+00:00,ibm,ibm_marrakesh,156,True,143,0.05115,0.02675,158.9,78.5,"cz,delay,id,if_else,measure,reset,rz,sx,x",352,0.0146,1.0,100000,,,Heron r2,1.0.21,2024-08-07T04:00:00+00:00,2026-07-08T17:00:47+00:00,4.0,68.8,2180.0,0.032422,0.021387,0.25,300000,300,
2026-07-08T19:13:04.903119+00:00,ibm,ibm_kingston,156,True,20,0.03374,0.02222,237.9,143.8,"cz,delay,id,if_else,measure,measure_2,reset,rz,sx,x",352,0.0146,0.994,100000,,,Heron r2,1.0.0,2025-02-20T05:00:00+00:00,2026-07-08T18:23:24+00:00,4.0,68.4,2180.0,0.024273,0.020259,0.25,340000,300,
2026-07-08T19:13:04.903119+00:00,ionq,qpu.harmony,11,0,,,,,,,,,,,,,,,,,,,,,,,,,
2026-07-08T19:13:04.903119+00:00,ionq,qpu.aria-1,25,0,,,,,,,,,,,,,,,,,,,,,,,,,
2026-07-08T19:13:04.903119+00:00,ionq,qpu.aria-2,25,0,,,,,,,,,,,,,,,,,,,,,,,,,
2026-07-08T19:13:04.903119+00:00,ionq,qpu.forte-1,36,1,,,,,,,,,,,,,,,,,,,,,,,,,
2026-07-08T19:13:04.903119+00:00,ionq,qpu.forte-enterprise-1,36,0,,,,,,,,,,,,,,,,,,,,,,,,,
2026-07-08T19:13:04.903119+00:00,ionq,simulator,29,1,,,,,,,,,,,,,,,,,,,,,,,,,
2026-07-08T19:13:04.903119+00:00,braket/ionq,Aria 1,25,0,,,,,,,,,,,,,,,,,,,,,,,,,
2026-07-08T19:13:04.903119+00:00,braket/quera,Aquila,256,1,,,,,,,,,,,,,,,,,,,,,,,,,
2026-07-08T19:13:04.903119+00:00,braket/ionq,Harmony,11,0,,,,,,,,,,,,,,,,,,,,,,,,,
2026-07-08T19:13:04.903119+00:00,braket/amazon braket,TN1,50,0,,,,,,,,,,,,,,,,,,,,,,,,,
2026-07-08T19:13:04.903119+00:00,braket/ionq,Aria 2,25,0,,,,,,,,,,,,,,,,,,,,,,,,,
2026-07-08T19:13:04.903119+00:00,braket/amazon braket,SV1,34,1,,,,,,,,,,,,,,,,,,,,,,,,,
2026-07-08T19:13:04.903119+00:00,braket/xanadu,Borealis,,0,,,,,,,,,,,,,,,,,,,,,,,,,
2026-07-08T19:13:04.903119+00:00,braket/amazon braket,dm1,17,1,,,,,,,,,,,,,,,,,,,,,,,,,
2026-07-08T19:13:04.903119+00:00,braket/ionq,Forte 1,36,1,,,,,,,,,,,,,,,,,,,,,,,,,
2026-07-08T19:13:04.903119+00:00,braket/ionq,Forte Enterprise 1,36,0,,,,,,,,,,,,,,,,,,,,,,,,,
2026-07-08T20:59:30.942967+00:00,ibm,ibm_fez,156,True,2,0.04396,0.01878,137.6,96.7,"cz,delay,id,if_else,measure,reset,rz,sx,x",352,0.0146,1.0,100000,,,Heron r2,1.3.37,2024-05-14T04:00:00+00:00,2026-07-08T20:16:25+00:00,4.0,68.2,1700.0,0.025114,0.012204,0.25,320000,300,
2026-07-08T20:59:30.942967+00:00,ibm,ibm_marrakesh,156,True,317,0.05115,0.02675,158.9,78.5,"cz,delay,id,if_else,measure,reset,rz,sx,x",352,0.0146,1.0,100000,,,Heron r2,1.0.21,2024-08-07T04:00:00+00:00,2026-07-08T20:00:53+00:00,4.0,68.8,2180.0,0.032422,0.021387,0.25,300000,300,
2026-07-08T20:59:30.942967+00:00,ibm,ibm_kingston,156,True,3,0.03374,0.02222,237.9,143.8,"cz,delay,id,if_else,measure,measure_2,reset,rz,sx,x",352,0.0146,0.994,100000,,,Heron r2,1.0.0,2025-02-20T05:00:00+00:00,2026-07-08T20:36:43+00:00,4.0,68.4,2180.0,0.024273,0.020259,0.25,340000,300,
2026-07-08T20:59:30.942967+00:00,ionq,qpu.harmony,11,0,,,,,,,,,,,,,,,,,,,,,,,,,
2026-07-08T20:59:30.942967+00:00,ionq,qpu.aria-1,25,0,,,,,,,,,,,,,,,,,,,,,,,,,
2026-07-08T20:59:30.942967+00:00,ionq,qpu.aria-2,25,0,,,,,,,,,,,,,,,,,,,,,,,,,
2026-07-08T20:59:30.942967+00:00,ionq,qpu.forte-1,36,1,,,,,,,,,,,,,,,,,,,,,,,,,
2026-07-08T20:59:30.942967+00:00,ionq,qpu.forte-enterprise-1,36,0,,,,,,,,,,,,,,,,,,,,,,,,,
2026-07-08T20:59:30.942967+00:00,ionq,simulator,29,1,,,,,,,,,,,,,,,,,,,,,,,,,
2026-07-08T20:59:30.942967+00:00,braket/ionq,Aria 1,25,0,,,,,,,,,,,,,,,,,,,,,,,,,
2026-07-08T20:59:30.942967+00:00,braket/quera,Aquila,256,1,,,,,,,,,,,,,,,,,,,,,,,,,
2026-07-08T20:59:30.942967+00:00,braket/ionq,Harmony,11,0,,,,,,,,,,,,,,,,,,,,,,,,,
2026-07-08T20:59:30.942967+00:00,braket/amazon braket,TN1,50,0,,,,,,,,,,,,,,,,,,,,,,,,,
2026-07-08T20:59:30.942967+00:00,braket/ionq,Aria 2,25,0,,,,,,,,,,,,,,,,,,,,,,,,,
2026-07-08T20:59:30.942967+00:00,braket/amazon braket,SV1,34,1,,,,,,,,,,,,,,,,,,,,,,,,,
2026-07-08T20:59:30.942967+00:00,braket/xanadu,Borealis,,0,,,,,,,,,,,,,,,,,,,,,,,,,
2026-07-08T20:59:30.942967+00:00,braket/amazon braket,dm1,17,1,,,,,,,,,,,,,,,,,,,,,,,,,
2026-07-08T20:59:30.942967+00:00,braket/ionq,Forte 1,36,1,,,,,,,,,,,,,,,,,,,,,,,,,
2026-07-08T20:59:30.942967+00:00,braket/ionq,Forte Enterprise 1,36,0,,,,,,,,,,,,,,,,,,,,,,,,,
2026-07-08T22:58:21.312791+00:00,ibm,ibm_fez,156,True,5,0.04396,0.01878,137.6,96.7,"cz,delay,id,if_else,measure,reset,rz,sx,x",352,0.0146,1.0,100000,,,Heron r2,1.3.37,2024-05-14T04:00:00+00:00,2026-07-08T21:49:06+00:00,4.0,68.2,1700.0,0.025114,0.012204,0.25,320000,300,
2026-07-08T22:58:21.312791+00:00,ibm,ibm_marrakesh,156,True,328,0.05115,0.02675,158.9,78.5,"cz,delay,id,if_else,measure,reset,rz,sx,x",352,0.0146,1.0,100000,,,Heron r2,1.0.21,2024-08-07T04:00:00+00:00,2026-07-08T21:32:01+00:00,4.0,68.8,2180.0,0.032422,0.021387,0.25,300000,300,
2026-07-08T22:58:21.312791+00:00,ibm,ibm_kingston,156,True,2,0.03374,0.01791,237.9,143.8,"cz,delay,id,if_else,measure,measure_2,reset,rz,sx,x",352,0.0146,0.994,100000,,,Heron r2,1.0.0,2025-02-20T05:00:00+00:00,2026-07-08T21:55:25+00:00,4.0,68.4,2180.0,0.022608,0.013367,0.25,340000,300,
2026-07-08T22:58:21.312791+00:00,ionq,qpu.harmony,11,0,,,,,,,,,,,,,,,,,,,,,,,,,
2026-07-08T22:58:21.312791+00:00,ionq,qpu.aria-1,25,0,,,,,,,,,,,,,,,,,,,,,,,,,
2026-07-08T22:58:21.312791+00:00,ionq,qpu.aria-2,25,0,,,,,,,,,,,,,,,,,,,,,,,,,
2026-07-08T22:58:21.312791+00:00,ionq,qpu.forte-1,36,1,,,,,,,,,,,,,,,,,,,,,,,,,
2026-07-08T22:58:21.312791+00:00,ionq,qpu.forte-enterprise-1,36,0,,,,,,,,,,,,,,,,,,,,,,,,,
2026-07-08T22:58:21.312791+00:00,ionq,simulator,29,1,,,,,,,,,,,,,,,,,,,,,,,,,
2026-07-08T22:58:21.312791+00:00,braket/ionq,Aria 1,25,0,,,,,,,,,,,,,,,,,,,,,,,,,
2026-07-08T22:58:21.312791+00:00,braket/quera,Aquila,256,1,,,,,,,,,,,,,,,,,,,,,,,,,
2026-07-08T22:58:21.312791+00:00,braket/ionq,Harmony,11,0,,,,,,,,,,,,,,,,,,,,,,,,,
2026-07-08T22:58:21.312791+00:00,braket/amazon braket,TN1,50,0,,,,,,,,,,,,,,,,,,,,,,,,,
2026-07-08T22:58:21.312791+00:00,braket/ionq,Aria 2,25,0,,,,,,,,,,,,,,,,,,,,,,,,,
2026-07-08T22:58:21.312791+00:00,braket/amazon braket,SV1,34,1,,,,,,,,,,,,,,,,,,,,,,,,,
2026-07-08T22:58:21.312791+00:00,braket/xanadu,Borealis,,0,,,,,,,,,,,,,,,,,,,,,,,,,
2026-07-08T22:58:21.312791+00:00,braket/amazon braket,dm1,17,1,,,,,,,,,,,,,,,,,,,,,,,,,
2026-07-08T22:58:21.312791+00:00,braket/ionq,Forte 1,36,1,,,,,,,,,,,,,,,,,,,,,,,,,
2026-07-08T22:58:21.312791+00:00,braket/ionq,Forte Enterprise 1,36,0,,,,,,,,,,,,,,,,,,,,,,,,,
2026-07-09T02:12:23.730959+00:00,ibm,ibm_fez,156,True,6,0.04396,0.01861,137.6,96.7,"cz,delay,id,if_else,measure,reset,rz,sx,x",352,0.0146,1.0,100000,,,Heron r2,1.3.37,2024-05-14T04:00:00+00:00,2026-07-09T01:18:56+00:00,4.0,68.2,1700.0,0.023945,0.013036,0.25,320000,300,
2026-07-09T02:12:23.730959+00:00,ibm,ibm_marrakesh,156,True,38,0.05115,0.02675,158.9,78.5,"cz,delay,id,if_else,measure,reset,rz,sx,x",352,0.0146,1.0,100000,,,Heron r2,1.0.21,2024-08-07T04:00:00+00:00,2026-07-09T00:40:19+00:00,4.0,68.8,2180.0,0.032422,0.021387,0.25,300000,300,
2026-07-09T02:12:23.730959+00:00,ibm,ibm_kingston,156,True,3,0.03374,0.02264,237.9,143.8,"cz,delay,id,if_else,measure,measure_2,reset,rz,sx,x",352,0.0146,0.994,100000,,,Heron r2,1.0.0,2025-02-20T05:00:00+00:00,2026-07-09T01:34:19+00:00,4.0,68.4,2180.0,0.027834,0.017505,0.25,340000,300,
2026-07-09T02:12:23.730959+00:00,ionq,qpu.harmony,11,0,,,,,,,,,,,,,,,,,,,,,,,,,
2026-07-09T02:12:23.730959+00:00,ionq,qpu.aria-1,25,0,,,,,,,,,,,,,,,,,,,,,,,,,
2026-07-09T02:12:23.730959+00:00,ionq,qpu.aria-2,25,0,,,,,,,,,,,,,,,,,,,,,,,,,
2026-07-09T02:12:23.730959+00:00,ionq,qpu.forte-1,36,1,,,,,,,,,,,,,,,,,,,,,,,,,
2026-07-09T02:12:23.730959+00:00,ionq,qpu.forte-enterprise-1,36,0,,,,,,,,,,,,,,,,,,,,,,,,,
2026-07-09T02:12:23.730959+00:00,ionq,simulator,29,1,,,,,,,,,,,,,,,,,,,,,,,,,
2026-07-09T02:12:23.730959+00:00,braket/ionq,Aria 1,25,0,,,,,,,,,,,,,,,,,,,,,,,,,
2026-07-09T02:12:23.730959+00:00,braket/quera,Aquila,256,1,,,,,,,,,,,,,,,,,,,,,,,,,
2026-07-09T02:12:23.730959+00:00,braket/ionq,Harmony,11,0,,,,,,,,,,,,,,,,,,,,,,,,,
2026-07-09T02:12:23.730959+00:00,braket/amazon braket,TN1,50,0,,,,,,,,,,,,,,,,,,,,,,,,,
2026-07-09T02:12:23.730959+00:00,braket/ionq,Aria 2,25,0,,,,,,,,,,,,,,,,,,,,,,,,,
2026-07-09T02:12:23.730959+00:00,braket/amazon braket,SV1,34,1,,,,,,,,,,,,,,,,,,,,,,,,,
2026-07-09T02:12:23.730959+00:00,braket/xanadu,Borealis,,0,,,,,,,,,,,,,,,,,,,,,,,,,
2026-07-09T02:12:23.730959+00:00,braket/amazon braket,dm1,17,1,,,,,,,,,,,,,,,,,,,,,,,,,
2026-07-09T02:12:23.730959+00:00,braket/ionq,Forte 1,36,1,,,,,,,,,,,,,,,,,,,,,,,,,
2026-07-09T02:12:23.730959+00:00,braket/ionq,Forte Enterprise 1,36,0,,,,,,,,,,,,,,,,,,,,,,,,,
2026-07-09T07:41:59.388064+00:00,ibm,ibm_fez,156,True,2,0.04396,0.01961,137.6,96.7,"cz,delay,id,if_else,measure,reset,rz,sx,x",352,0.0146,1.0,100000,,,Heron r2,1.3.37,2024-05-14T04:00:00+00:00,2026-07-09T07:13:19+00:00,4.0,68.2,1700.0,0.026793,0.01242,0.25,320000,300,
2026-07-09T07:41:59.388064+00:00,ibm,ibm_marrakesh,156,True,1,0.05115,0.02788,156.0,85.1,"cz,delay,id,if_else,measure,reset,rz,sx,x",352,0.0146,1.0,100000,,,Heron r2,1.0.21,2024-08-07T04:00:00+00:00,2026-07-09T07:08:25+00:00,4.0,68.8,2180.0,0.031427,0.024434,0.25,300000,300,
2026-07-09T07:41:59.388064+00:00,ibm,ibm_kingston,156,True,125,0.03374,0.02264,237.9,143.8,"cz,delay,id,if_else,measure,measure_2,reset,rz,sx,x",352,0.0146,0.994,100000,,,Heron r2,1.0.0,2025-02-20T05:00:00+00:00,2026-07-09T07:06:32+00:00,4.0,68.4,2180.0,0.027834,0.017505,0.25,340000,300,
2026-07-09T07:41:59.388064+00:00,ionq,qpu.harmony,11,0,,,,,,,,,,,,,,,,,,,,,,,,,
2026-07-09T07:41:59.388064+00:00,ionq,qpu.aria-1,25,0,,,,,,,,,,,,,,,,,,,,,,,,,
2026-07-09T07:41:59.388064+00:00,ionq,qpu.aria-2,25,0,,,,,,,,,,,,,,,,,,,,,,,,,
2026-07-09T07:41:59.388064+00:00,ionq,qpu.forte-1,36,1,,,,,,,,,,,,,,,,,,,,,,,,,
2026-07-09T07:41:59.388064+00:00,ionq,qpu.forte-enterprise-1,36,0,,,,,,,,,,,,,,,,,,,,,,,,,
2026-07-09T07:41:59.388064+00:00,ionq,simulator,29,1,,,,,,,,,,,,,,,,,,,,,,,,,
2026-07-09T07:41:59.388064+00:00,braket/ionq,Aria 1,25,0,,,,,,,,,,,,,,,,,,,,,,,,,
2026-07-09T07:41:59.388064+00:00,braket/quera,Aquila,256,1,,,,,,,,,,,,,,,,,,,,,,,,,
2026-07-09T07:41:59.388064+00:00,braket/ionq,Harmony,11,0,,,,,,,,,,,,,,,,,,,,,,,,,
2026-07-09T07:41:59.388064+00:00,braket/amazon braket,TN1,50,0,,,,,,,,,,,,,,,,,,,,,,,,,
2026-07-09T07:41:59.388064+00:00,braket/ionq,Aria 2,25,0,,,,,,,,,,,,,,,,,,,,,,,,,
2026-07-09T07:41:59.388064+00:00,braket/amazon braket,SV1,34,1,,,,,,,,,,,,,,,,,,,,,,,,,
2026-07-09T07:41:59.388064+00:00,braket/xanadu,Borealis,,0,,,,,,,,,,,,,,,,,,,,,,,,,
2026-07-09T07:41:59.388064+00:00,braket/amazon braket,dm1,17,1,,,,,,,,,,,,,,,,,,,,,,,,,
2026-07-09T07:41:59.388064+00:00,braket/ionq,Forte 1,36,1,,,,,,,,,,,,,,,,,,,,,,,,,
2026-07-09T07:41:59.388064+00:00,braket/ionq,Forte Enterprise 1,36,0,,,,,,,,,,,,,,,,,,,,,,,,,
2026-07-09T10:48:20.608575+00:00,ibm,ibm_fez,156,True,6,0.04396,0.01927,124.5,93.1,"cz,delay,id,if_else,measure,reset,rz,sx,x",352,0.0146,1.0,100000,,,Heron r2,1.3.37,2024-05-14T04:00:00+00:00,2026-07-09T09:29:15+00:00,4.0,68.2,1700.0,0.02494,0.013612,0.25,320000,300,
2026-07-09T10:48:20.608575+00:00,ibm,ibm_marrakesh,156,True,2,0.05115,0.02836,156.0,85.1,"cz,delay,id,if_else,measure,reset,rz,sx,x",352,0.0146,1.0,100000,,,Heron r2,1.0.21,2024-08-07T04:00:00+00:00,2026-07-09T10:03:13+00:00,4.0,68.8,2180.0,0.031757,0.025179,0.25,300000,300,
2026-07-09T10:48:20.608575+00:00,ibm,ibm_kingston,156,True,119,0.03652,0.02264,237.9,143.8,"cz,delay,id,if_else,measure,measure_2,reset,rz,sx,x",352,0.0146,0.994,100000,,,Heron r2,1.0.0,2025-02-20T05:00:00+00:00,2026-07-09T09:50:16+00:00,4.0,68.4,2180.0,0.027834,0.017505,0.25,340000,300,
2026-07-09T10:48:20.608575+00:00,ionq,qpu.harmony,11,0,,,,,,,,,,,,,,,,,,,,,,,,,
2026-07-09T10:48:20.608575+00:00,ionq,qpu.aria-1,25,0,,,,,,,,,,,,,,,,,,,,,,,,,
2026-07-09T10:48:20.608575+00:00,ionq,qpu.aria-2,25,0,,,,,,,,,,,,,,,,,,,,,,,,,
2026-07-09T10:48:20.608575+00:00,ionq,qpu.forte-1,36,1,,,,,,,,,,,,,,,,,,,,,,,,,
2026-07-09T10:48:20.608575+00:00,ionq,qpu.forte-enterprise-1,36,0,,,,,,,,,,,,,,,,,,,,,,,,,
2026-07-09T10:48:20.608575+00:00,ionq,simulator,29,1,,,,,,,,,,,,,,,,,,,,,,,,,
2026-07-09T10:48:20.608575+00:00,braket/ionq,Aria 1,25,0,,,,,,,,,,,,,,,,,,,,,,,,,
2026-07-09T10:48:20.608575+00:00,braket/quera,Aquila,256,1,,,,,,,,,,,,,,,,,,,,,,,,,
2026-07-09T10:48:20.608575+00:00,braket/ionq,Harmony,11,0,,,,,,,,,,,,,,,,,,,,,,,,,
2026-07-09T10:48:20.608575+00:00,braket/amazon braket,TN1,50,0,,,,,,,,,,,,,,,,,,,,,,,,,
2026-07-09T10:48:20.608575+00:00,braket/ionq,Aria 2,25,0,,,,,,,,,,,,,,,,,,,,,,,,,
2026-07-09T10:48:20.608575+00:00,braket/amazon braket,SV1,34,1,,,,,,,,,,,,,,,,,,,,,,,,,
2026-07-09T10:48:20.608575+00:00,braket/xanadu,Borealis,,0,,,,,,,,,,,,,,,,,,,,,,,,,
2026-07-09T10:48:20.608575+00:00,braket/amazon braket,dm1,17,1,,,,,,,,,,,,,,,,,,,,,,,,,
2026-07-09T10:48:20.608575+00:00,braket/ionq,Forte 1,36,1,,,,,,,,,,,,,,,,,,,,,,,,,
2026-07-09T10:48:20.608575+00:00,braket/ionq,Forte Enterprise 1,36,0,,,,,,,,,,,,,,,,,,,,,,,,,
2026-07-09T14:39:15.023374+00:00,ibm,ibm_fez,156,True,11,0.04424,0.01927,124.5,93.1,"cz,delay,id,if_else,measure,reset,rz,sx,x",352,0.0146,1.0,100000,,,Heron r2,1.3.37,2024-05-14T04:00:00+00:00,2026-07-09T13:36:38+00:00,4.0,68.2,1700.0,0.02494,0.013612,0.25,320000,300,
2026-07-09T14:39:15.023374+00:00,ibm,ibm_marrakesh,156,True,30,0.05066,0.02836,156.0,85.1,"cz,delay,id,if_else,measure,reset,rz,sx,x",352,0.0146,1.0,100000,,,Heron r2,1.0.21,2024-08-07T04:00:00+00:00,2026-07-09T12:33:17+00:00,4.0,68.8,2180.0,0.031757,0.025179,0.25,300000,300,
2026-07-09T14:39:15.023374+00:00,ibm,ibm_kingston,156,True,77,0.03652,0.02133,237.9,143.8,"cz,delay,id,if_else,measure,measure_2,reset,rz,sx,x",352,0.0146,0.994,100000,,,Heron r2,1.0.0,2025-02-20T05:00:00+00:00,2026-07-09T14:16:42+00:00,4.0,68.4,2180.0,0.020692,0.021963,0.25,340000,300,
2026-07-09T14:39:15.023374+00:00,ionq,qpu.harmony,11,0,,,,,,,,,,,,,,,,,,,,,,,,,
2026-07-09T14:39:15.023374+00:00,ionq,qpu.aria-1,25,0,,,,,,,,,,,,,,,,,,,,,,,,,
2026-07-09T14:39:15.023374+00:00,ionq,qpu.aria-2,25,0,,,,,,,,,,,,,,,,,,,,,,,,,
2026-07-09T14:39:15.023374+00:00,ionq,qpu.forte-1,36,1,,,,,,,,,,,,,,,,,,,,,,,,,
2026-07-09T14:39:15.023374+00:00,ionq,qpu.forte-enterprise-1,36,0,,,,,,,,,,,,,,,,,,,,,,,,,
2026-07-09T14:39:15.023374+00:00,ionq,simulator,29,1,,,,,,,,,,,,,,,,,,,,,,,,,
2026-07-09T14:39:15.023374+00:00,braket/ionq,Aria 1,25,0,,,,,,,,,,,,,,,,,,,,,,,,,
2026-07-09T14:39:15.023374+00:00,braket/quera,Aquila,256,1,,,,,,,,,,,,,,,,,,,,,,,,,
2026-07-09T14:39:15.023374+00:00,braket/ionq,Harmony,11,0,,,,,,,,,,,,,,,,,,,,,,,,,
2026-07-09T14:39:15.023374+00:00,braket/amazon braket,TN1,50,0,,,,,,,,,,,,,,,,,,,,,,,,,
2026-07-09T14:39:15.023374+00:00,braket/ionq,Aria 2,25,0,,,,,,,,,,,,,,,,,,,,,,,,,
2026-07-09T14:39:15.023374+00:00,braket/amazon braket,SV1,34,1,,,,,,,,,,,,,,,,,,,,,,,,,
2026-07-09T14:39:15.023374+00:00,braket/xanadu,Borealis,,0,,,,,,,,,,,,,,,,,,,,,,,,,
2026-07-09T14:39:15.023374+00:00,braket/amazon braket,dm1,17,1,,,,,,,,,,,,,,,,,,,,,,,,,
2026-07-09T14:39:15.023374+00:00,braket/ionq,Forte 1,36,1,,,,,,,,,,,,,,,,,,,,,,,,,
2026-07-09T14:39:15.023374+00:00,braket/ionq,Forte Enterprise 1,36,0,,,,,,,,,,,,,,,,,,,,,,,,,
2026-07-09T17:49:55.737051+00:00,ibm,ibm_fez,156,True,1,0.04424,0.01966,124.5,93.1,"cz,delay,id,if_else,measure,reset,rz,sx,x",352,0.0146,1.0,100000,,,Heron r2,1.3.37,2024-05-14T04:00:00+00:00,2026-07-09T17:13:40+00:00,4.0,68.2,1700.0,0.025571,0.013805,0.25,320000,300,
2026-07-09T17:49:55.737051+00:00,ibm,ibm_marrakesh,156,True,9,0.05066,0.02836,156.0,85.1,"cz,delay,id,if_else,measure,reset,rz,sx,x",352,0.0146,1.0,100000,,,Heron r2,1.0.21,2024-08-07T04:00:00+00:00,2026-07-09T17:05:33+00:00,4.0,68.8,2180.0,0.031757,0.025179,0.25,300000,300,
2026-07-09T17:49:55.737051+00:00,ibm,ibm_kingston,156,True,134,0.03632,0.02133,223.1,128.5,"cz,delay,id,if_else,measure,measure_2,reset,rz,sx,x",352,0.0146,0.994,100000,,,Heron r2,1.0.0,2025-02-20T05:00:00+00:00,2026-07-09T17:27:07+00:00,4.0,68.4,2180.0,0.020692,0.021963,0.25,340000,300,
2026-07-09T17:49:55.737051+00:00,ionq,qpu.harmony,11,0,,,,,,,,,,,,,,,,,,,,,,,,,
2026-07-09T17:49:55.737051+00:00,ionq,qpu.aria-1,25,0,,,,,,,,,,,,,,,,,,,,,,,,,
2026-07-09T17:49:55.737051+00:00,ionq,qpu.aria-2,25,0,,,,,,,,,,,,,,,,,,,,,,,,,
2026-07-09T17:49:55.737051+00:00,ionq,qpu.forte-1,36,1,,,,,,,,,,,,,,,,,,,,,,,,,
2026-07-09T17:49:55.737051+00:00,ionq,qpu.forte-enterprise-1,36,0,,,,,,,,,,,,,,,,,,,,,,,,,
2026-07-09T17:49:55.737051+00:00,ionq,simulator,29,1,,,,,,,,,,,,,,,,,,,,,,,,,
2026-07-09T17:49:55.737051+00:00,braket/ionq,Aria 1,25,0,,,,,,,,,,,,,,,,,,,,,,,,,
2026-07-09T17:49:55.737051+00:00,braket/quera,Aquila,256,1,,,,,,,,,,,,,,,,,,,,,,,,,
2026-07-09T17:49:55.737051+00:00,braket/ionq,Harmony,11,0,,,,,,,,,,,,,,,,,,,,,,,,,
2026-07-09T17:49:55.737051+00:00,braket/amazon braket,TN1,50,0,,,,,,,,,,,,,,,,,,,,,,,,,
2026-07-09T17:49:55.737051+00:00,braket/ionq,Aria 2,25,0,,,,,,,,,,,,,,,,,,,,,,,,,
2026-07-09T17:49:55.737051+00:00,braket/amazon braket,SV1,34,1,,,,,,,,,,,,,,,,,,,,,,,,,
2026-07-09T17:49:55.737051+00:00,braket/xanadu,Borealis,,0,,,,,,,,,,,,,,,,,,,,,,,,,
2026-07-09T17:49:55.737051+00:00,braket/amazon braket,dm1,17,1,,,,,,,,,,,,,,,,,,,,,,,,,
2026-07-09T17:49:55.737051+00:00,braket/ionq,Forte 1,36,1,,,,,,,,,,,,,,,,,,,,,,,,,
2026-07-09T17:49:55.737051+00:00,braket/ionq,Forte Enterprise 1,36,0,,,,,,,,,,,,,,,,,,,,,,,,,
2026-07-09T19:26:51.156355+00:00,ibm,ibm_fez,156,True,6,0.04424,0.01986,124.5,93.1,"cz,delay,id,if_else,measure,reset,rz,sx,x",352,0.0146,1.0,100000,,,Heron r2,1.3.37,2024-05-14T04:00:00+00:00,2026-07-09T18:52:53+00:00,4.0,68.2,1700.0,0.026918,0.012964,0.25,320000,300,
2026-07-09T19:26:51.156355+00:00,ibm,ibm_marrakesh,156,True,15,0.05066,0.02836,156.0,85.1,"cz,delay,id,if_else,measure,reset,rz,sx,x",352,0.0146,1.0,100000,,,Heron r2,1.0.21,2024-08-07T04:00:00+00:00,2026-07-09T18:43:56+00:00,4.0,68.8,2180.0,0.031757,0.025179,0.25,300000,300,
2026-07-09T19:26:51.156355+00:00,ibm,ibm_kingston,156,True,185,0.03651,0.02133,223.1,128.5,"cz,delay,id,if_else,measure,measure_2,reset,rz,sx,x",352,0.0146,0.994,100000,,,Heron r2,1.0.0,2025-02-20T05:00:00+00:00,2026-07-09T19:00:55+00:00,4.0,68.4,2180.0,0.020692,0.021963,0.25,340000,300,
2026-07-09T19:26:51.156355+00:00,ionq,qpu.harmony,11,0,,,,,,,,,,,,,,,,,,,,,,,,,
2026-07-09T19:26:51.156355+00:00,ionq,qpu.aria-1,25,0,,,,,,,,,,,,,,,,,,,,,,,,,
2026-07-09T19:26:51.156355+00:00,ionq,qpu.aria-2,25,0,,,,,,,,,,,,,,,,,,,,,,,,,
2026-07-09T19:26:51.156355+00:00,ionq,qpu.forte-1,36,0,,,,,,,,,,,,,,,,,,,,,,,,,
2026-07-09T19:26:51.156355+00:00,ionq,qpu.forte-enterprise-1,36,0,,,,,,,,,,,,,,,,,,,,,,,,,
2026-07-09T19:26:51.156355+00:00,ionq,simulator,29,1,,,,,,,,,,,,,,,,,,,,,,,,,
2026-07-09T19:26:51.156355+00:00,braket/ionq,Aria 1,25,0,,,,,,,,,,,,,,,,,,,,,,,,,
2026-07-09T19:26:51.156355+00:00,braket/quera,Aquila,256,1,,,,,,,,,,,,,,,,,,,,,,,,,
2026-07-09T19:26:51.156355+00:00,braket/ionq,Harmony,11,0,,,,,,,,,,,,,,,,,,,,,,,,,
2026-07-09T19:26:51.156355+00:00,braket/amazon braket,TN1,50,0,,,,,,,,,,,,,,,,,,,,,,,,,
2026-07-09T19:26:51.156355+00:00,braket/ionq,Aria 2,25,0,,,,,,,,,,,,,,,,,,,,,,,,,
2026-07-09T19:26:51.156355+00:00,braket/amazon braket,SV1,34,1,,,,,,,,,,,,,,,,,,,,,,,,,
2026-07-09T19:26:51.156355+00:00,braket/xanadu,Borealis,,0,,,,,,,,,,,,,,,,,,,,,,,,,
2026-07-09T19:26:51.156355+00:00,braket/amazon braket,dm1,17,1,,,,,,,,,,,,,,,,,,,,,,,,,
2026-07-09T19:26:51.156355+00:00,braket/ionq,Forte 1,36,1,,,,,,,,,,,,,,,,,,,,,,,,,
2026-07-09T19:26:51.156355+00:00,braket/ionq,Forte Enterprise 1,36,0,,,,,,,,,,,,,,,,,,,,,,,,,
2026-07-09T21:16:08.591210+00:00,ibm,ibm_fez,156,True,18608,0.04424,0.01986,124.5,93.1,"cz,delay,id,if_else,measure,reset,rz,sx,x",352,0.0146,1.0,100000,,,Heron r2,1.3.37,2024-05-14T04:00:00+00:00,2026-07-09T19:37:27+00:00,4.0,68.2,1700.0,0.026918,0.012964,0.25,320000,300,
2026-07-09T21:16:08.591210+00:00,ibm,ibm_marrakesh,156,True,77,0.05066,0.03,156.0,85.1,"cz,delay,id,if_else,measure,reset,rz,sx,x",352,0.0146,1.0,100000,,,Heron r2,1.0.21,2024-08-07T04:00:00+00:00,2026-07-09T20:33:34+00:00,4.0,68.8,2180.0,0.032525,0.027805,0.25,300000,300,
2026-07-09T21:16:08.591210+00:00,ibm,ibm_kingston,156,True,181,0.03651,0.02133,223.1,128.5,"cz,delay,id,if_else,measure,measure_2,reset,rz,sx,x",352,0.0146,0.994,100000,,,Heron r2,1.0.0,2025-02-20T05:00:00+00:00,2026-07-09T20:28:08+00:00,4.0,68.4,2180.0,0.020692,0.021963,0.25,340000,300,
2026-07-09T21:16:08.591210+00:00,ionq,qpu.harmony,11,0,,,,,,,,,,,,,,,,,,,,,,,,,
2026-07-09T21:16:08.591210+00:00,ionq,qpu.aria-1,25,0,,,,,,,,,,,,,,,,,,,,,,,,,
2026-07-09T21:16:08.591210+00:00,ionq,qpu.aria-2,25,0,,,,,,,,,,,,,,,,,,,,,,,,,
2026-07-09T21:16:08.591210+00:00,ionq,qpu.forte-1,36,1,,,,,,,,,,,,,,,,,,,,,,,,,
2026-07-09T21:16:08.591210+00:00,ionq,qpu.forte-enterprise-1,36,0,,,,,,,,,,,,,,,,,,,,,,,,,
2026-07-09T21:16:08.591210+00:00,ionq,simulator,29,1,,,,,,,,,,,,,,,,,,,,,,,,,
2026-07-09T21:16:08.591210+00:00,braket/ionq,Aria 1,25,0,,,,,,,,,,,,,,,,,,,,,,,,,
2026-07-09T21:16:08.591210+00:00,braket/quera,Aquila,256,1,,,,,,,,,,,,,,,,,,,,,,,,,
2026-07-09T21:16:08.591210+00:00,braket/ionq,Harmony,11,0,,,,,,,,,,,,,,,,,,,,,,,,,
2026-07-09T21:16:08.591210+00:00,braket/amazon braket,TN1,50,0,,,,,,,,,,,,,,,,,,,,,,,,,
2026-07-09T21:16:08.591210+00:00,braket/ionq,Aria 2,25,0,,,,,,,,,,,,,,,,,,,,,,,,,
2026-07-09T21:16:08.591210+00:00,braket/amazon braket,SV1,34,1,,,,,,,,,,,,,,,,,,,,,,,,,
2026-07-09T21:16:08.591210+00:00,braket/xanadu,Borealis,,0,,,,,,,,,,,,,,,,,,,,,,,,,
2026-07-09T21:16:08.591210+00:00,braket/amazon braket,dm1,17,1,,,,,,,,,,,,,,,,,,,,,,,,,
2026-07-09T21:16:08.591210+00:00,braket/ionq,Forte 1,36,1,,,,,,,,,,,,,,,,,,,,,,,,,
2026-07-09T21:16:08.591210+00:00,braket/ionq,Forte Enterprise 1,36,0,,,,,,,,,,,,,,,,,,,,,,,,,
2026-07-09T23:05:05.402376+00:00,ibm,ibm_fez,156,True,0,0.04424,0.01986,124.5,93.1,"cz,delay,id,if_else,measure,reset,rz,sx,x",352,0.0146,1.0,100000,,,Heron r2,1.3.37,2024-05-14T04:00:00+00:00,2026-07-09T21:15:40+00:00,4.0,68.2,1700.0,0.026918,0.012964,0.25,320000,300,
2026-07-09T23:05:05.402376+00:00,ibm,ibm_marrakesh,156,True,0,0.05066,0.03,156.0,85.1,"cz,delay,id,if_else,measure,reset,rz,sx,x",352,0.0146,1.0,100000,,,Heron r2,1.0.21,2024-08-07T04:00:00+00:00,2026-07-09T22:42:07+00:00,4.0,68.8,2180.0,0.032525,0.027805,0.25,300000,300,
2026-07-09T23:05:05.402376+00:00,ibm,ibm_kingston,156,True,164,0.03651,0.02133,223.1,128.5,"cz,delay,id,if_else,measure,measure_2,reset,rz,sx,x",352,0.0146,0.994,100000,,,Heron r2,1.0.0,2025-02-20T05:00:00+00:00,2026-07-09T22:00:10+00:00,4.0,68.4,2180.0,0.020692,0.021963,0.25,340000,300,
2026-07-09T23:05:05.402376+00:00,ionq,qpu.harmony,11,0,,,,,,,,,,,,,,,,,,,,,,,,,
2026-07-09T23:05:05.402376+00:00,ionq,qpu.aria-1,25,0,,,,,,,,,,,,,,,,,,,,,,,,,
2026-07-09T23:05:05.402376+00:00,ionq,qpu.aria-2,25,0,,,,,,,,,,,,,,,,,,,,,,,,,
2026-07-09T23:05:05.402376+00:00,ionq,qpu.forte-1,36,1,,,,,,,,,,,,,,,,,,,,,,,,,
2026-07-09T23:05:05.402376+00:00,ionq,qpu.forte-enterprise-1,36,0,,,,,,,,,,,,,,,,,,,,,,,,,
2026-07-09T23:05:05.402376+00:00,ionq,simulator,29,1,,,,,,,,,,,,,,,,,,,,,,,,,
2026-07-09T23:05:05.402376+00:00,braket/ionq,Aria 1,25,0,,,,,,,,,,,,,,,,,,,,,,,,,
2026-07-09T23:05:05.402376+00:00,braket/quera,Aquila,256,1,,,,,,,,,,,,,,,,,,,,,,,,,
2026-07-09T23:05:05.402376+00:00,braket/ionq,Harmony,11,0,,,,,,,,,,,,,,,,,,,,,,,,,
2026-07-09T23:05:05.402376+00:00,braket/amazon braket,TN1,50,0,,,,,,,,,,,,,,,,,,,,,,,,,
2026-07-09T23:05:05.402376+00:00,braket/ionq,Aria 2,25,0,,,,,,,,,,,,,,,,,,,,,,,,,
2026-07-09T23:05:05.402376+00:00,braket/amazon braket,SV1,34,1,,,,,,,,,,,,,,,,,,,,,,,,,
2026-07-09T23:05:05.402376+00:00,braket/xanadu,Borealis,,0,,,,,,,,,,,,,,,,,,,,,,,,,
2026-07-09T23:05:05.402376+00:00,braket/amazon braket,dm1,17,1,,,,,,,,,,,,,,,,,,,,,,,,,
2026-07-09T23:05:05.402376+00:00,braket/ionq,Forte 1,36,1,,,,,,,,,,,,,,,,,,,,,,,,,
2026-07-09T23:05:05.402376+00:00,braket/ionq,Forte Enterprise 1,36,0,,,,,,,,,,,,,,,,,,,,,,,,,
2026-07-10T02:12:03.397241+00:00,ibm,ibm_fez,156,True,2,0.04424,0.0185,124.5,93.1,"cz,delay,id,if_else,measure,reset,rz,sx,x",352,0.0146,1.0,100000,,,Heron r2,1.3.37,2024-05-14T04:00:00+00:00,2026-07-10T01:45:59+00:00,4.0,68.2,1700.0,0.023455,0.013459,0.25,320000,300,
2026-07-10T02:12:03.397241+00:00,ibm,ibm_marrakesh,156,True,10,0.05066,0.02807,156.0,85.1,"cz,delay,id,if_else,measure,reset,rz,sx,x",352,0.0146,1.0,100000,,,Heron r2,1.0.21,2024-08-07T04:00:00+00:00,2026-07-10T01:32:42+00:00,4.0,68.8,2180.0,0.032657,0.023558,0.25,300000,300,
2026-07-10T02:12:03.397241+00:00,ibm,ibm_kingston,156,True,110,0.03651,0.02133,223.1,128.5,"cz,delay,id,if_else,measure,measure_2,reset,rz,sx,x",352,0.0146,0.994,100000,,,Heron r2,1.0.0,2025-02-20T05:00:00+00:00,2026-07-10T01:06:56+00:00,4.0,68.4,2180.0,0.020692,0.021963,0.25,340000,300,
2026-07-10T02:12:03.397241+00:00,ionq,qpu.harmony,11,0,,,,,,,,,,,,,,,,,,,,,,,,,
2026-07-10T02:12:03.397241+00:00,ionq,qpu.aria-1,25,0,,,,,,,,,,,,,,,,,,,,,,,,,
2026-07-10T02:12:03.397241+00:00,ionq,qpu.aria-2,25,0,,,,,,,,,,,,,,,,,,,,,,,,,
2026-07-10T02:12:03.397241+00:00,ionq,qpu.forte-1,36,1,,,,,,,,,,,,,,,,,,,,,,,,,
2026-07-10T02:12:03.397241+00:00,ionq,qpu.forte-enterprise-1,36,0,,,,,,,,,,,,,,,,,,,,,,,,,
2026-07-10T02:12:03.397241+00:00,ionq,simulator,29,1,,,,,,,,,,,,,,,,,,,,,,,,,
2026-07-10T02:12:03.397241+00:00,braket/ionq,Aria 1,25,0,,,,,,,,,,,,,,,,,,,,,,,,,
2026-07-10T02:12:03.397241+00:00,braket/quera,Aquila,256,1,,,,,,,,,,,,,,,,,,,,,,,,,
2026-07-10T02:12:03.397241+00:00,braket/ionq,Harmony,11,0,,,,,,,,,,,,,,,,,,,,,,,,,
2026-07-10T02:12:03.397241+00:00,braket/amazon braket,TN1,50,0,,,,,,,,,,,,,,,,,,,,,,,,,
2026-07-10T02:12:03.397241+00:00,braket/ionq,Aria 2,25,0,,,,,,,,,,,,,,,,,,,,,,,,,
2026-07-10T02:12:03.397241+00:00,braket/amazon braket,SV1,34,1,,,,,,,,,,,,,,,,,,,,,,,,,
2026-07-10T02:12:03.397241+00:00,braket/xanadu,Borealis,,0,,,,,,,,,,,,,,,,,,,,,,,,,
2026-07-10T02:12:03.397241+00:00,braket/amazon braket,dm1,17,1,,,,,,,,,,,,,,,,,,,,,,,,,
2026-07-10T02:12:03.397241+00:00,braket/ionq,Forte 1,36,1,,,,,,,,,,,,,,,,,,,,,,,,,
2026-07-10T02:12:03.397241+00:00,braket/ionq,Forte Enterprise 1,36,0,,,,,,,,,,,,,,,,,,,,,,,,,
2026-07-10T07:29:45.547810+00:00,ibm,ibm_fez,156,True,10,0.04424,0.02063,124.5,93.1,"cz,delay,id,if_else,measure,reset,rz,sx,x",352,0.0146,1.0,100000,,,Heron r2,1.3.37,2024-05-14T04:00:00+00:00,2026-07-10T07:12:43+00:00,4.0,68.2,1700.0,0.024505,0.016489,0.25,320000,300,
2026-07-10T07:29:45.547810+00:00,ibm,ibm_marrakesh,156,True,13,0.05066,0.02394,156.0,85.1,"cz,delay,id,if_else,measure,reset,rz,sx,x",352,0.0146,1.0,100000,,,Heron r2,1.0.21,2024-08-07T04:00:00+00:00,2026-07-10T07:15:14+00:00,4.0,68.8,2180.0,0.03263,0.015246,0.25,300000,300,
2026-07-10T07:29:45.547810+00:00,ibm,ibm_kingston,156,True,25,0.03651,0.02478,223.1,128.5,"cz,delay,id,if_else,measure,measure_2,reset,rz,sx,x",352,0.0146,0.994,100000,,,Heron r2,1.0.0,2025-02-20T05:00:00+00:00,2026-07-10T04:48:00+00:00,4.0,68.4,2180.0,0.021847,0.027665,0.25,340000,300,
2026-07-10T07:29:45.547810+00:00,ionq,qpu.harmony,11,0,,,,,,,,,,,,,,,,,,,,,,,,,
2026-07-10T07:29:45.547810+00:00,ionq,qpu.aria-1,25,0,,,,,,,,,,,,,,,,,,,,,,,,,
2026-07-10T07:29:45.547810+00:00,ionq,qpu.aria-2,25,0,,,,,,,,,,,,,,,,,,,,,,,,,
2026-07-10T07:29:45.547810+00:00,ionq,qpu.forte-1,36,1,,,,,,,,,,,,,,,,,,,,,,,,,
2026-07-10T07:29:45.547810+00:00,ionq,qpu.forte-enterprise-1,36,0,,,,,,,,,,,,,,,,,,,,,,,,,
2026-07-10T07:29:45.547810+00:00,ionq,simulator,29,1,,,,,,,,,,,,,,,,,,,,,,,,,
2026-07-10T07:29:45.547810+00:00,braket/ionq,Aria 1,25,0,,,,,,,,,,,,,,,,,,,,,,,,,
2026-07-10T07:29:45.547810+00:00,braket/quera,Aquila,256,1,,,,,,,,,,,,,,,,,,,,,,,,,
2026-07-10T07:29:45.547810+00:00,braket/ionq,Harmony,11,0,,,,,,,,,,,,,,,,,,,,,,,,,
2026-07-10T07:29:45.547810+00:00,braket/amazon braket,TN1,50,0,,,,,,,,,,,,,,,,,,,,,,,,,
2026-07-10T07:29:45.547810+00:00,braket/ionq,Aria 2,25,0,,,,,,,,,,,,,,,,,,,,,,,,,
2026-07-10T07:29:45.547810+00:00,braket/amazon braket,SV1,34,1,,,,,,,,,,,,,,,,,,,,,,,,,
2026-07-10T07:29:45.547810+00:00,braket/xanadu,Borealis,,0,,,,,,,,,,,,,,,,,,,,,,,,,
2026-07-10T07:29:45.547810+00:00,braket/amazon braket,dm1,17,1,,,,,,,,,,,,,,,,,,,,,,,,,
2026-07-10T07:29:45.547810+00:00,braket/ionq,Forte 1,36,1,,,,,,,,,,,,,,,,,,,,,,,,,
2026-07-10T07:29:45.547810+00:00,braket/ionq,Forte Enterprise 1,36,0,,,,,,,,,,,,,,,,,,,,,,,,,
2026-07-10T10:46:38.822399+00:00,ibm,ibm_fez,156,True,0,0.04424,0.0178,131.1,102.5,"cz,delay,id,if_else,measure,reset,rz,sx,x",352,0.0146,1.0,100000,,,Heron r2,1.3.37,2024-05-14T04:00:00+00:00,2026-07-10T10:28:22+00:00,4.0,68.2,1700.0,0.023848,0.011747,0.25,320000,300,
2026-07-10T10:46:38.822399+00:00,ibm,ibm_marrakesh,156,True,0,0.05066,0.02394,166.1,88.5,"cz,delay,id,if_else,measure,reset,rz,sx,x",352,0.0146,1.0,100000,,,Heron r2,1.0.21,2024-08-07T04:00:00+00:00,2026-07-10T10:02:07+00:00,4.0,68.8,2180.0,0.03263,0.015246,0.25,300000,300,
2026-07-10T10:46:38.822399+00:00,ibm,ibm_kingston,156,True,42,0.03651,0.02478,223.1,128.5,"cz,delay,id,if_else,measure,measure_2,reset,rz,sx,x",352,0.0146,0.994,100000,,,Heron r2,1.0.0,2025-02-20T05:00:00+00:00,2026-07-10T08:50:44+00:00,4.0,68.4,2180.0,0.021847,0.027665,0.25,340000,300,
2026-07-10T10:46:38.822399+00:00,ionq,qpu.harmony,11,0,,,,,,,,,,,,,,,,,,,,,,,,,
2026-07-10T10:46:38.822399+00:00,ionq,qpu.aria-1,25,0,,,,,,,,,,,,,,,,,,,,,,,,,
2026-07-10T10:46:38.822399+00:00,ionq,qpu.aria-2,25,0,,,,,,,,,,,,,,,,,,,,,,,,,
2026-07-10T10:46:38.822399+00:00,ionq,qpu.forte-1,36,1,,,,,,,,,,,,,,,,,,,,,,,,,
2026-07-10T10:46:38.822399+00:00,ionq,qpu.forte-enterprise-1,36,0,,,,,,,,,,,,,,,,,,,,,,,,,
2026-07-10T10:46:38.822399+00:00,ionq,simulator,29,1,,,,,,,,,,,,,,,,,,,,,,,,,
2026-07-10T10:46:38.822399+00:00,braket/ionq,Aria 1,25,0,,,,,,,,,,,,,,,,,,,,,,,,,
2026-07-10T10:46:38.822399+00:00,braket/quera,Aquila,256,1,,,,,,,,,,,,,,,,,,,,,,,,,
2026-07-10T10:46:38.822399+00:00,braket/ionq,Harmony,11,0,,,,,,,,,,,,,,,,,,,,,,,,,
2026-07-10T10:46:38.822399+00:00,braket/amazon braket,TN1,50,0,,,,,,,,,,,,,,,,,,,,,,,,,
2026-07-10T10:46:38.822399+00:00,braket/ionq,Aria 2,25,0,,,,,,,,,,,,,,,,,,,,,,,,,
2026-07-10T10:46:38.822399+00:00,braket/amazon braket,SV1,34,1,,,,,,,,,,,,,,,,,,,,,,,,,
2026-07-10T10:46:38.822399+00:00,braket/xanadu,Borealis,,0,,,,,,,,,,,,,,,,,,,,,,,,,
2026-07-10T10:46:38.822399+00:00,braket/amazon braket,dm1,17,1,,,,,,,,,,,,,,,,,,,,,,,,,
2026-07-10T10:46:38.822399+00:00,braket/ionq,Forte 1,36,1,,,,,,,,,,,,,,,,,,,,,,,,,
2026-07-10T10:46:38.822399+00:00,braket/ionq,Forte Enterprise 1,36,0,,,,,,,,,,,,,,,,,,,,,,,,,
2026-07-10T14:05:51.266081+00:00,ibm,ibm_fez,156,True,1,0.04406,0.02166,131.1,102.5,"cz,delay,id,if_else,measure,reset,rz,sx,x",352,0.0146,1.0,100000,,,Heron r2,1.3.37,2024-05-14T04:00:00+00:00,2026-07-10T13:41:58+00:00,4.0,68.2,1700.0,0.023743,0.019556,0.25,320000,300,
2026-07-10T14:05:51.266081+00:00,ibm,ibm_marrakesh,156,True,0,0.05335,0.03051,166.1,88.5,"cz,delay,id,if_else,measure,reset,rz,sx,x",352,0.0146,1.0,100000,,,Heron r2,1.0.21,2024-08-07T04:00:00+00:00,2026-07-10T13:35:04+00:00,4.0,68.8,2180.0,0.033536,0.027671,0.25,300000,300,
2026-07-10T14:05:51.266081+00:00,ibm,ibm_kingston,156,True,1,0.03651,0.01835,223.1,128.5,"cz,delay,id,if_else,measure,measure_2,reset,rz,sx,x",352,0.0146,0.994,100000,,,Heron r2,1.0.0,2025-02-20T05:00:00+00:00,2026-07-10T13:26:32+00:00,4.0,68.4,2180.0,0.022135,0.014573,0.25,340000,300,
2026-07-10T14:05:51.266081+00:00,ionq,qpu.harmony,11,0,,,,,,,,,,,,,,,,,,,,,,,,,
2026-07-10T14:05:51.266081+00:00,ionq,qpu.aria-1,25,0,,,,,,,,,,,,,,,,,,,,,,,,,
2026-07-10T14:05:51.266081+00:00,ionq,qpu.aria-2,25,0,,,,,,,,,,,,,,,,,,,,,,,,,
2026-07-10T14:05:51.266081+00:00,ionq,qpu.forte-1,36,1,,,,,,,,,,,,,,,,,,,,,,,,,
2026-07-10T14:05:51.266081+00:00,ionq,qpu.forte-enterprise-1,36,0,,,,,,,,,,,,,,,,,,,,,,,,,
2026-07-10T14:05:51.266081+00:00,ionq,simulator,29,1,,,,,,,,,,,,,,,,,,,,,,,,,
2026-07-10T14:05:51.266081+00:00,braket/ionq,Aria 1,25,0,,,,,,,,,,,,,,,,,,,,,,,,,
2026-07-10T14:05:51.266081+00:00,braket/quera,Aquila,256,1,,,,,,,,,,,,,,,,,,,,,,,,,
2026-07-10T14:05:51.266081+00:00,braket/ionq,Harmony,11,0,,,,,,,,,,,,,,,,,,,,,,,,,
2026-07-10T14:05:51.266081+00:00,braket/amazon braket,TN1,50,0,,,,,,,,,,,,,,,,,,,,,,,,,
2026-07-10T14:05:51.266081+00:00,braket/ionq,Aria 2,25,0,,,,,,,,,,,,,,,,,,,,,,,,,
2026-07-10T14:05:51.266081+00:00,braket/amazon braket,SV1,34,1,,,,,,,,,,,,,,,,,,,,,,,,,
2026-07-10T14:05:51.266081+00:00,braket/xanadu,Borealis,,0,,,,,,,,,,,,,,,,,,,,,,,,,
2026-07-10T14:05:51.266081+00:00,braket/amazon braket,dm1,17,1,,,,,,,,,,,,,,,,,,,,,,,,,
2026-07-10T14:05:51.266081+00:00,braket/ionq,Forte 1,36,1,,,,,,,,,,,,,,,,,,,,,,,,,
2026-07-10T14:05:51.266081+00:00,braket/ionq,Forte Enterprise 1,36,0,,,,,,,,,,,,,,,,,,,,,,,,,
2026-07-10T17:43:02.707489+00:00,ibm,ibm_fez,156,True,0,0.04406,0.01985,131.1,102.5,"cz,delay,id,if_else,measure,reset,rz,sx,x",352,0.0146,1.0,100000,,,Heron r2,1.3.37,2024-05-14T04:00:00+00:00,2026-07-10T16:57:48+00:00,4.0,68.2,1700.0,0.022984,0.01675,0.25,320000,300,
2026-07-10T17:43:02.707489+00:00,ibm,ibm_marrakesh,156,True,0,0.05344,0.03051,166.1,88.5,"cz,delay,id,if_else,measure,reset,rz,sx,x",352,0.0146,1.0,100000,,,Heron r2,1.0.21,2024-08-07T04:00:00+00:00,2026-07-10T16:39:22+00:00,4.0,68.8,2180.0,0.033536,0.027671,0.25,300000,300,
2026-07-10T17:43:02.707489+00:00,ibm,ibm_kingston,156,True,25,0.03651,0.01778,243.9,137.0,"cz,delay,id,if_else,measure,measure_2,reset,rz,sx,x",352,0.0146,0.994,100000,,,Heron r2,1.0.0,2025-02-20T05:00:00+00:00,2026-07-10T17:12:36+00:00,4.0,68.4,2180.0,0.023987,0.011558,0.25,340000,300,
2026-07-10T17:43:02.707489+00:00,ionq,qpu.harmony,11,0,,,,,,,,,,,,,,,,,,,,,,,,,
2026-07-10T17:43:02.707489+00:00,ionq,qpu.aria-1,25,0,,,,,,,,,,,,,,,,,,,,,,,,,
2026-07-10T17:43:02.707489+00:00,ionq,qpu.aria-2,25,0,,,,,,,,,,,,,,,,,,,,,,,,,
2026-07-10T17:43:02.707489+00:00,ionq,qpu.forte-1,36,1,,,,,,,,,,,,,,,,,,,,,,,,,
2026-07-10T17:43:02.707489+00:00,ionq,qpu.forte-enterprise-1,36,0,,,,,,,,,,,,,,,,,,,,,,,,,
2026-07-10T17:43:02.707489+00:00,ionq,simulator,29,1,,,,,,,,,,,,,,,,,,,,,,,,,
2026-07-10T17:43:02.707489+00:00,braket/ionq,Aria 1,25,0,,,,,,,,,,,,,,,,,,,,,,,,,
2026-07-10T17:43:02.707489+00:00,braket/quera,Aquila,256,1,,,,,,,,,,,,,,,,,,,,,,,,,
2026-07-10T17:43:02.707489+00:00,braket/ionq,Harmony,11,0,,,,,,,,,,,,,,,,,,,,,,,,,
2026-07-10T17:43:02.707489+00:00,braket/amazon braket,TN1,50,0,,,,,,,,,,,,,,,,,,,,,,,,,
2026-07-10T17:43:02.707489+00:00,braket/ionq,Aria 2,25,0,,,,,,,,,,,,,,,,,,,,,,,,,
2026-07-10T17:43:02.707489+00:00,braket/amazon braket,SV1,34,1,,,,,,,,,,,,,,,,,,,,,,,,,
2026-07-10T17:43:02.707489+00:00,braket/xanadu,Borealis,,0,,,,,,,,,,,,,,,,,,,,,,,,,
2026-07-10T17:43:02.707489+00:00,braket/amazon braket,dm1,17,1,,,,,,,,,,,,,,,,,,,,,,,,,
2026-07-10T17:43:02.707489+00:00,braket/ionq,Forte 1,36,1,,,,,,,,,,,,,,,,,,,,,,,,,
2026-07-10T17:43:02.707489+00:00,braket/ionq,Forte Enterprise 1,36,0,,,,,,,,,,,,,,,,,,,,,,,,,
2026-07-10T19:19:04.587507+00:00,ibm,ibm_fez,156,True,0,0.04406,0.01985,131.1,102.5,"cz,delay,id,if_else,measure,reset,rz,sx,x",352,0.0146,1.0,100000,,,Heron r2,1.3.37,2024-05-14T04:00:00+00:00,2026-07-10T18:09:40+00:00,4.0,68.2,1700.0,0.022984,0.01675,0.25,320000,300,
2026-07-10T19:19:04.587507+00:00,ibm,ibm_marrakesh,156,True,0,0.05344,0.02836,166.1,88.5,"cz,delay,id,if_else,measure,reset,rz,sx,x",352,0.0146,1.0,100000,,,Heron r2,1.0.21,2024-08-07T04:00:00+00:00,2026-07-10T18:39:49+00:00,4.0,68.8,2180.0,0.033428,0.022714,0.25,300000,300,
2026-07-10T19:19:04.587507+00:00,ibm,ibm_kingston,156,True,0,0.03667,0.01778,243.9,137.0,"cz,delay,id,if_else,measure,measure_2,reset,rz,sx,x",352,0.0146,0.994,100000,,,Heron r2,1.0.0,2025-02-20T05:00:00+00:00,2026-07-10T18:40:50+00:00,4.0,68.4,2180.0,0.023987,0.011558,0.25,340000,300,
2026-07-10T19:19:04.587507+00:00,ionq,qpu.harmony,11,0,,,,,,,,,,,,,,,,,,,,,,,,,
2026-07-10T19:19:04.587507+00:00,ionq,qpu.aria-1,25,0,,,,,,,,,,,,,,,,,,,,,,,,,
2026-07-10T19:19:04.587507+00:00,ionq,qpu.aria-2,25,0,,,,,,,,,,,,,,,,,,,,,,,,,
2026-07-10T19:19:04.587507+00:00,ionq,qpu.forte-1,36,1,,,,,,,,,,,,,,,,,,,,,,,,,
2026-07-10T19:19:04.587507+00:00,ionq,qpu.forte-enterprise-1,36,0,,,,,,,,,,,,,,,,,,,,,,,,,
2026-07-10T19:19:04.587507+00:00,ionq,simulator,29,1,,,,,,,,,,,,,,,,,,,,,,,,,
2026-07-10T19:19:04.587507+00:00,braket/ionq,Aria 1,25,0,,,,,,,,,,,,,,,,,,,,,,,,,
2026-07-10T19:19:04.587507+00:00,braket/quera,Aquila,256,1,,,,,,,,,,,,,,,,,,,,,,,,,
2026-07-10T19:19:04.587507+00:00,braket/ionq,Harmony,11,0,,,,,,,,,,,,,,,,,,,,,,,,,
2026-07-10T19:19:04.587507+00:00,braket/amazon braket,TN1,50,0,,,,,,,,,,,,,,,,,,,,,,,,,
2026-07-10T19:19:04.587507+00:00,braket/ionq,Aria 2,25,0,,,,,,,,,,,,,,,,,,,,,,,,,
2026-07-10T19:19:04.587507+00:00,braket/amazon braket,SV1,34,1,,,,,,,,,,,,,,,,,,,,,,,,,
2026-07-10T19:19:04.587507+00:00,braket/xanadu,Borealis,,0,,,,,,,,,,,,,,,,,,,,,,,,,
2026-07-10T19:19:04.587507+00:00,braket/amazon braket,dm1,17,1,,,,,,,,,,,,,,,,,,,,,,,,,
2026-07-10T19:19:04.587507+00:00,braket/ionq,Forte 1,36,1,,,,,,,,,,,,,,,,,,,,,,,,,
2026-07-10T19:19:04.587507+00:00,braket/ionq,Forte Enterprise 1,36,0,,,,,,,,,,,,,,,,,,,,,,,,,
2026-07-10T21:01:13.640825+00:00,ibm,ibm_fez,156,True,2,0.04406,0.01954,131.1,102.5,"cz,delay,id,if_else,measure,reset,rz,sx,x",352,0.0146,1.0,100000,,,Heron r2,1.3.37,2024-05-14T04:00:00+00:00,2026-07-10T20:23:07+00:00,4.0,68.2,1700.0,0.024561,0.014415,0.25,320000,300,
2026-07-10T21:01:13.640825+00:00,ibm,ibm_marrakesh,156,True,5,0.05344,0.02836,166.1,88.5,"cz,delay,id,if_else,measure,reset,rz,sx,x",352,0.0146,1.0,100000,,,Heron r2,1.0.21,2024-08-07T04:00:00+00:00,2026-07-10T20:28:26+00:00,4.0,68.8,2180.0,0.033428,0.022714,0.25,300000,300,
2026-07-10T21:01:13.640825+00:00,ibm,ibm_kingston,156,True,2,0.03667,0.01778,243.9,137.0,"cz,delay,id,if_else,measure,measure_2,reset,rz,sx,x",352,0.0146,0.994,100000,,,Heron r2,1.0.0,2025-02-20T05:00:00+00:00,2026-07-10T20:17:10+00:00,4.0,68.4,2180.0,0.023987,0.011558,0.25,340000,300,
2026-07-10T21:01:13.640825+00:00,ionq,qpu.harmony,11,0,,,,,,,,,,,,,,,,,,,,,,,,,
2026-07-10T21:01:13.640825+00:00,ionq,qpu.aria-1,25,0,,,,,,,,,,,,,,,,,,,,,,,,,
2026-07-10T21:01:13.640825+00:00,ionq,qpu.aria-2,25,0,,,,,,,,,,,,,,,,,,,,,,,,,
2026-07-10T21:01:13.640825+00:00,ionq,qpu.forte-1,36,1,,,,,,,,,,,,,,,,,,,,,,,,,
2026-07-10T21:01:13.640825+00:00,ionq,qpu.forte-enterprise-1,36,0,,,,,,,,,,,,,,,,,,,,,,,,,
2026-07-10T21:01:13.640825+00:00,ionq,simulator,29,1,,,,,,,,,,,,,,,,,,,,,,,,,
2026-07-10T21:01:13.640825+00:00,braket/ionq,Aria 1,25,0,,,,,,,,,,,,,,,,,,,,,,,,,
2026-07-10T21:01:13.640825+00:00,braket/quera,Aquila,256,1,,,,,,,,,,,,,,,,,,,,,,,,,
2026-07-10T21:01:13.640825+00:00,braket/ionq,Harmony,11,0,,,,,,,,,,,,,,,,,,,,,,,,,
2026-07-10T21:01:13.640825+00:00,braket/amazon braket,TN1,50,0,,,,,,,,,,,,,,,,,,,,,,,,,
2026-07-10T21:01:13.640825+00:00,braket/ionq,Aria 2,25,0,,,,,,,,,,,,,,,,,,,,,,,,,
2026-07-10T21:01:13.640825+00:00,braket/amazon braket,SV1,34,1,,,,,,,,,,,,,,,,,,,,,,,,,
2026-07-10T21:01:13.640825+00:00,braket/xanadu,Borealis,,0,,,,,,,,,,,,,,,,,,,,,,,,,
2026-07-10T21:01:13.640825+00:00,braket/amazon braket,dm1,17,1,,,,,,,,,,,,,,,,,,,,,,,,,
2026-07-10T21:01:13.640825+00:00,braket/ionq,Forte 1,36,1,,,,,,,,,,,,,,,,,,,,,,,,,
2026-07-10T21:01:13.640825+00:00,braket/ionq,Forte Enterprise 1,36,0,,,,,,,,,,,,,,,,,,,,,,,,,
2026-07-10T22:54:39.592722+00:00,ibm,ibm_fez,156,True,3,0.04406,0.01954,131.1,102.5,"cz,delay,id,if_else,measure,reset,rz,sx,x",352,0.0146,1.0,100000,,,Heron r2,1.3.37,2024-05-14T04:00:00+00:00,2026-07-10T22:20:03+00:00,4.0,68.2,1700.0,0.024561,0.014415,0.25,320000,300,
2026-07-10T22:54:39.592722+00:00,ibm,ibm_marrakesh,156,True,0,0.05344,0.03814,166.1,88.5,"cz,delay,id,if_else,measure,reset,rz,sx,x",352,0.0146,1.0,100000,,,Heron r2,1.0.21,2024-08-07T04:00:00+00:00,2026-07-10T22:09:58+00:00,4.0,68.8,2180.0,0.039238,0.036969,0.25,300000,300,
2026-07-10T22:54:39.592722+00:00,ibm,ibm_kingston,156,True,0,0.03667,0.01778,243.9,137.0,"cz,delay,id,if_else,measure,measure_2,reset,rz,sx,x",352,0.0146,0.994,100000,,,Heron r2,1.0.0,2025-02-20T05:00:00+00:00,2026-07-10T22:33:12+00:00,4.0,68.4,2180.0,0.023987,0.011558,0.25,340000,300,
2026-07-10T22:54:39.592722+00:00,ionq,qpu.harmony,11,0,,,,,,,,,,,,,,,,,,,,,,,,,
2026-07-10T22:54:39.592722+00:00,ionq,qpu.aria-1,25,0,,,,,,,,,,,,,,,,,,,,,,,,,
2026-07-10T22:54:39.592722+00:00,ionq,qpu.aria-2,25,0,,,,,,,,,,,,,,,,,,,,,,,,,
2026-07-10T22:54:39.592722+00:00,ionq,qpu.forte-1,36,1,,,,,,,,,,,,,,,,,,,,,,,,,
2026-07-10T22:54:39.592722+00:00,ionq,qpu.forte-enterprise-1,36,0,,,,,,,,,,,,,,,,,,,,,,,,,
2026-07-10T22:54:39.592722+00:00,ionq,simulator,29,1,,,,,,,,,,,,,,,,,,,,,,,,,
2026-07-10T22:54:39.592722+00:00,braket/ionq,Aria 1,25,0,,,,,,,,,,,,,,,,,,,,,,,,,
2026-07-10T22:54:39.592722+00:00,braket/quera,Aquila,256,1,,,,,,,,,,,,,,,,,,,,,,,,,
2026-07-10T22:54:39.592722+00:00,braket/ionq,Harmony,11,0,,,,,,,,,,,,,,,,,,,,,,,,,
2026-07-10T22:54:39.592722+00:00,braket/amazon braket,TN1,50,0,,,,,,,,,,,,,,,,,,,,,,,,,
2026-07-10T22:54:39.592722+00:00,braket/ionq,Aria 2,25,0,,,,,,,,,,,,,,,,,,,,,,,,,
2026-07-10T22:54:39.592722+00:00,braket/amazon braket,SV1,34,1,,,,,,,,,,,,,,,,,,,,,,,,,
2026-07-10T22:54:39.592722+00:00,braket/xanadu,Borealis,,0,,,,,,,,,,,,,,,,,,,,,,,,,
2026-07-10T22:54:39.592722+00:00,braket/amazon braket,dm1,17,1,,,,,,,,,,,,,,,,,,,,,,,,,
2026-07-10T22:54:39.592722+00:00,braket/ionq,Forte 1,36,1,,,,,,,,,,,,,,,,,,,,,,,,,
2026-07-10T22:54:39.592722+00:00,braket/ionq,Forte Enterprise 1,36,0,,,,,,,,,,,,,,,,,,,,,,,,,
2026-07-21T19:01:41.258475+00:00,ibm,ibm_fez,156,True,69,0.03921,0.02111,123.2,94.5,"cz,delay,id,if_else,measure,reset,rz,sx,x",352,0.0146,1.0,100000,,,Heron r2,1.3.37,2024-05-14T04:00:00+00:00,2026-07-21T16:09:20+00:00,4.0,68.2,1700.0,0.02871,0.013597,0.25,320000,300,
2026-07-21T19:01:41.258475+00:00,ibm,ibm_marrakesh,156,True,17,0.0564,0.0258,164.4,76.9,"cz,delay,id,if_else,measure,reset,rz,sx,x",352,0.0146,1.0,100000,,,Heron r2,1.0.21,2024-08-07T04:00:00+00:00,2026-07-21T17:00:41+00:00,4.0,68.8,2180.0,0.027862,0.023042,0.25,300000,300,
2026-07-21T19:01:41.258475+00:00,ibm,ibm_kingston,156,True,273,0.03369,0.01789,228.8,133.3,"cz,delay,id,if_else,measure,measure_2,reset,rz,sx,x",352,0.0146,0.994,100000,,,Heron r2,1.0.0,2025-02-20T05:00:00+00:00,2026-07-21T11:27:56+00:00,4.0,68.4,2180.0,0.02386,0.01188,0.25,340000,300,
2026-07-21T19:01:41.258475+00:00,ionq,qpu.harmony,11,0,,,,,,,,,,,,,,,,,,,,,,,,,
2026-07-21T19:01:41.258475+00:00,ionq,qpu.aria-1,25,0,,,,,,,,,,,,,,,,,,,,,,,,,
2026-07-21T19:01:41.258475+00:00,ionq,qpu.aria-2,25,0,,,,,,,,,,,,,,,,,,,,,,,,,
2026-07-21T19:01:41.258475+00:00,ionq,qpu.forte-1,36,0,,,,,,,,,,,,,,,,,,,,,,,,,
2026-07-21T19:01:41.258475+00:00,ionq,qpu.forte-enterprise-1,36,0,,,,,,,,,,,,,,,,,,,,,,,,,
2026-07-21T19:01:41.258475+00:00,ionq,simulator,29,1,,,,,,,,,,,,,,,,,,,,,,,,,
2026-07-21T19:01:41.258475+00:00,braket/ionq,Aria 1,25,0,,,,,,,,,,,,,,,,,,,,,,,,,
2026-07-21T19:01:41.258475+00:00,braket/amazon braket,SV1,34,1,,,,,,,,,,,,,,,,,,,,,,,,,
2026-07-21T19:01:41.258475+00:00,braket/quera,Aquila,256,1,,,,,,,,,,,,,,,,,,,,,,,,,
2026-07-21T19:01:41.258475+00:00,braket/ionq,Harmony,11,0,,,,,,,,,,,,,,,,,,,,,,,,,
2026-07-21T19:01:41.258475+00:00,braket/amazon braket,dm1,17,1,,,,,,,,,,,,,,,,,,,,,,,,,
2026-07-21T19:01:41.258475+00:00,braket/amazon braket,TN1,50,0,,,,,,,,,,,,,,,,,,,,,,,,,
2026-07-21T19:01:41.258475+00:00,braket/ionq,Aria 2,25,0,,,,,,,,,,,,,,,,,,,,,,,,,
2026-07-21T19:01:41.258475+00:00,braket/ionq,Forte Enterprise 1,36,0,,,,,,,,,,,,,,,,,,,,,,,,,
2026-07-21T19:01:41.258475+00:00,braket/ionq,Forte 1,36,1,,,,,,,,,,,,,,,,,,,,,,,,,
2026-07-21T19:01:41.258475+00:00,braket/xanadu,Borealis,,0,,,,,,,,,,,,,,,,,,,,,,,,,
2026-07-21T19:07:55.837436+00:00,ibm,ibm_fez,156,True,72,0.03921,0.02111,123.2,94.5,"cz,delay,id,if_else,measure,reset,rz,sx,x",352,0.0146,1.0,100000,,,Heron r2,1.3.37,2024-05-14T04:00:00+00:00,2026-07-21T16:09:20+00:00,4.0,68.2,1700.0,0.02871,0.013597,0.25,320000,300,
2026-07-21T19:07:55.837436+00:00,ibm,ibm_marrakesh,156,True,2,0.0564,0.0258,164.4,76.9,"cz,delay,id,if_else,measure,reset,rz,sx,x",352,0.0146,1.0,100000,,,Heron r2,1.0.21,2024-08-07T04:00:00+00:00,2026-07-21T17:00:41+00:00,4.0,68.8,2180.0,0.027862,0.023042,0.25,300000,300,
2026-07-21T19:07:55.837436+00:00,ibm,ibm_kingston,156,True,276,0.03369,0.01789,228.8,133.3,"cz,delay,id,if_else,measure,measure_2,reset,rz,sx,x",352,0.0146,0.994,100000,,,Heron r2,1.0.0,2025-02-20T05:00:00+00:00,2026-07-21T11:27:56+00:00,4.0,68.4,2180.0,0.02386,0.01188,0.25,340000,300,
2026-07-21T19:07:55.837436+00:00,ionq,qpu.harmony,11,0,,,,,,,,,,,,,,,,,,,,,,,,,
2026-07-21T19:07:55.837436+00:00,ionq,qpu.aria-1,25,0,,,,,,,,,,,,,,,,,,,,,,,,,
2026-07-21T19:07:55.837436+00:00,ionq,qpu.aria-2,25,0,,,,,,,,,,,,,,,,,,,,,,,,,
2026-07-21T19:07:55.837436+00:00,ionq,qpu.forte-1,36,0,,,,,,,,,,,,,,,,,,,,,,,,,
2026-07-21T19:07:55.837436+00:00,ionq,qpu.forte-enterprise-1,36,0,,,,,,,,,,,,,,,,,,,,,,,,,
2026-07-21T19:07:55.837436+00:00,ionq,simulator,29,1,,,,,,,,,,,,,,,,,,,,,,,,,
2026-07-21T19:07:55.837436+00:00,braket/ionq,Aria 1,25,0,,,,,,,,,,,,,,,,,,,,,,,,,
2026-07-21T19:07:55.837436+00:00,braket/amazon braket,SV1,34,1,,,,,,,,,,,,,,,,,,,,,,,,,
2026-07-21T19:07:55.837436+00:00,braket/quera,Aquila,256,1,,,,,,,,,,,,,,,,,,,,,,,,,
2026-07-21T19:07:55.837436+00:00,braket/ionq,Harmony,11,0,,,,,,,,,,,,,,,,,,,,,,,,,
2026-07-21T19:07:55.837436+00:00,braket/amazon braket,dm1,17,1,,,,,,,,,,,,,,,,,,,,,,,,,
2026-07-21T19:07:55.837436+00:00,braket/amazon braket,TN1,50,0,,,,,,,,,,,,,,,,,,,,,,,,,
2026-07-21T19:07:55.837436+00:00,braket/ionq,Aria 2,25,0,,,,,,,,,,,,,,,,,,,,,,,,,
2026-07-21T19:07:55.837436+00:00,braket/ionq,Forte Enterprise 1,36,0,,,,,,,,,,,,,,,,,,,,,,,,,
2026-07-21T19:07:55.837436+00:00,braket/ionq,Forte 1,36,1,,,,,,,,,,,,,,,,,,,,,,,,,
2026-07-21T19:07:55.837436+00:00,braket/xanadu,Borealis,,0,,,,,,,,,,,,,,,,,,,,,,,,,
2026-07-21T20:59:33.682004+00:00,ibm,ibm_fez,156,True,48,0.03921,0.02111,123.2,94.5,"cz,delay,id,if_else,measure,reset,rz,sx,x",352,0.0146,1.0,100000,,,Heron r2,1.3.37,2024-05-14T04:00:00+00:00,2026-07-21T16:09:20+00:00,4.0,68.2,1700.0,0.02871,0.013597,0.25,320000,300,
2026-07-21T20:59:33.682004+00:00,ibm,ibm_marrakesh,156,True,12,0.0564,0.02739,164.4,76.9,"cz,delay,id,if_else,measure,reset,rz,sx,x",352,0.0146,1.0,100000,,,Heron r2,1.0.21,2024-08-07T04:00:00+00:00,2026-07-21T19:57:07+00:00,4.0,68.8,2180.0,0.029425,0.025054,0.25,300000,300,
2026-07-21T20:59:33.682004+00:00,ibm,ibm_kingston,156,True,256,0.03369,0.0305,228.8,133.3,"cz,delay,id,if_else,measure,measure_2,reset,rz,sx,x",352,0.0146,0.994,100000,,,Heron r2,1.0.0,2025-02-20T05:00:00+00:00,2026-07-21T20:26:40+00:00,4.0,68.4,2180.0,0.0332,0.027906,0.25,340000,300,
2026-07-21T20:59:33.682004+00:00,ionq,qpu.harmony,11,0,,,,,,,,,,,,,,,,,,,,,,,,,
2026-07-21T20:59:33.682004+00:00,ionq,qpu.aria-1,25,0,,,,,,,,,,,,,,,,,,,,,,,,,
2026-07-21T20:59:33.682004+00:00,ionq,qpu.aria-2,25,0,,,,,,,,,,,,,,,,,,,,,,,,,
2026-07-21T20:59:33.682004+00:00,ionq,qpu.forte-1,36,0,,,,,,,,,,,,,,,,,,,,,,,,,
2026-07-21T20:59:33.682004+00:00,ionq,qpu.forte-enterprise-1,36,0,,,,,,,,,,,,,,,,,,,,,,,,,
2026-07-21T20:59:33.682004+00:00,ionq,simulator,29,1,,,,,,,,,,,,,,,,,,,,,,,,,
2026-07-21T20:59:33.682004+00:00,braket/ionq,Aria 1,25,0,,,,,,,,,,,,,,,,,,,,,,,,,
2026-07-21T20:59:33.682004+00:00,braket/amazon braket,SV1,34,1,,,,,,,,,,,,,,,,,,,,,,,,,
2026-07-21T20:59:33.682004+00:00,braket/quera,Aquila,256,1,,,,,,,,,,,,,,,,,,,,,,,,,
2026-07-21T20:59:33.682004+00:00,braket/ionq,Harmony,11,0,,,,,,,,,,,,,,,,,,,,,,,,,
2026-07-21T20:59:33.682004+00:00,braket/amazon braket,dm1,17,1,,,,,,,,,,,,,,,,,,,,,,,,,
2026-07-21T20:59:33.682004+00:00,braket/amazon braket,TN1,50,0,,,,,,,,,,,,,,,,,,,,,,,,,
2026-07-21T20:59:33.682004+00:00,braket/ionq,Aria 2,25,0,,,,,,,,,,,,,,,,,,,,,,,,,
2026-07-21T20:59:33.682004+00:00,braket/ionq,Forte Enterprise 1,36,0,,,,,,,,,,,,,,,,,,,,,,,,,
2026-07-21T20:59:33.682004+00:00,braket/ionq,Forte 1,36,1,,,,,,,,,,,,,,,,,,,,,,,,,
2026-07-21T20:59:33.682004+00:00,braket/xanadu,Borealis,,0,,,,,,,,,,,,,,,,,,,,,,,,,
2026-07-21T22:47:41.684859+00:00,ibm,ibm_fez,156,True,50,0.03921,0.02111,123.2,94.5,"cz,delay,id,if_else,measure,reset,rz,sx,x",352,0.0146,1.0,100000,,,Heron r2,1.3.37,2024-05-14T04:00:00+00:00,2026-07-21T16:09:20+00:00,4.0,68.2,1700.0,0.02871,0.013597,0.25,320000,300,
2026-07-21T22:47:41.684859+00:00,ibm,ibm_marrakesh,156,True,1,0.0564,0.02739,164.4,76.9,"cz,delay,id,if_else,measure,reset,rz,sx,x",352,0.0146,1.0,100000,,,Heron r2,1.0.21,2024-08-07T04:00:00+00:00,2026-07-21T21:16:41+00:00,4.0,68.8,2180.0,0.029425,0.025054,0.25,300000,300,
2026-07-21T22:47:41.684859+00:00,ibm,ibm_kingston,156,True,299,0.03369,0.0305,228.8,133.3,"cz,delay,id,if_else,measure,measure_2,reset,rz,sx,x",352,0.0146,0.994,100000,,,Heron r2,1.0.0,2025-02-20T05:00:00+00:00,2026-07-21T21:57:53+00:00,4.0,68.4,2180.0,0.0332,0.027906,0.25,340000,300,
2026-07-21T22:47:41.684859+00:00,ionq,qpu.harmony,11,0,,,,,,,,,,,,,,,,,,,,,,,,,
2026-07-21T22:47:41.684859+00:00,ionq,qpu.aria-1,25,0,,,,,,,,,,,,,,,,,,,,,,,,,
2026-07-21T22:47:41.684859+00:00,ionq,qpu.aria-2,25,0,,,,,,,,,,,,,,,,,,,,,,,,,
2026-07-21T22:47:41.684859+00:00,ionq,qpu.forte-1,36,0,,,,,,,,,,,,,,,,,,,,,,,,,
2026-07-21T22:47:41.684859+00:00,ionq,qpu.forte-enterprise-1,36,0,,,,,,,,,,,,,,,,,,,,,,,,,
2026-07-21T22:47:41.684859+00:00,ionq,simulator,29,1,,,,,,,,,,,,,,,,,,,,,,,,,
2026-07-21T22:47:41.684859+00:00,braket/ionq,Aria 1,25,0,,,,,,,,,,,,,,,,,,,,,,,,,
2026-07-21T22:47:41.684859+00:00,braket/amazon braket,SV1,34,1,,,,,,,,,,,,,,,,,,,,,,,,,
2026-07-21T22:47:41.684859+00:00,braket/quera,Aquila,256,1,,,,,,,,,,,,,,,,,,,,,,,,,
2026-07-21T22:47:41.684859+00:00,braket/ionq,Harmony,11,0,,,,,,,,,,,,,,,,,,,,,,,,,
2026-07-21T22:47:41.684859+00:00,braket/amazon braket,dm1,17,1,,,,,,,,,,,,,,,,,,,,,,,,,
2026-07-21T22:47:41.684859+00:00,braket/amazon braket,TN1,50,0,,,,,,,,,,,,,,,,,,,,,,,,,
2026-07-21T22:47:41.684859+00:00,braket/ionq,Aria 2,25,0,,,,,,,,,,,,,,,,,,,,,,,,,
2026-07-21T22:47:41.684859+00:00,braket/ionq,Forte Enterprise 1,36,0,,,,,,,,,,,,,,,,,,,,,,,,,
2026-07-21T22:47:41.684859+00:00,braket/ionq,Forte 1,36,0,,,,,,,,,,,,,,,,,,,,,,,,,
2026-07-21T22:47:41.684859+00:00,braket/xanadu,Borealis,,0,,,,,,,,,,,,,,,,,,,,,,,,,
2026-07-22T01:56:55.764090+00:00,ibm,ibm_fez,156,True,0,0.03921,0.01767,115.4,89.3,"cz,delay,id,if_else,measure,reset,rz,sx,x",352,0.0146,1.0,100000,,,Heron r2,1.3.37,2024-05-14T04:00:00+00:00,2026-07-22T00:43:33+00:00,4.0,68.2,1700.0,0.022461,0.012874,0.25,320000,300,
2026-07-22T01:56:55.764090+00:00,ibm,ibm_marrakesh,156,True,0,0.0564,0.02727,164.4,76.9,"cz,delay,id,if_else,measure,reset,rz,sx,x",352,0.0146,1.0,100000,,,Heron r2,1.0.21,2024-08-07T04:00:00+00:00,2026-07-22T00:26:20+00:00,4.0,68.8,2180.0,0.029104,0.025297,0.25,300000,300,
2026-07-22T01:56:55.764090+00:00,ibm,ibm_kingston,156,True,316,0.03369,0.0305,228.8,133.3,"cz,delay,id,if_else,measure,measure_2,reset,rz,sx,x",352,0.0146,0.994,100000,,,Heron r2,1.0.0,2025-02-20T05:00:00+00:00,2026-07-22T01:23:37+00:00,4.0,68.4,2180.0,0.0332,0.027906,0.25,340000,300,
2026-07-22T01:56:55.764090+00:00,ionq,qpu.harmony,11,0,,,,,,,,,,,,,,,,,,,,,,,,,
2026-07-22T01:56:55.764090+00:00,ionq,qpu.aria-1,25,0,,,,,,,,,,,,,,,,,,,,,,,,,
2026-07-22T01:56:55.764090+00:00,ionq,qpu.aria-2,25,0,,,,,,,,,,,,,,,,,,,,,,,,,
2026-07-22T01:56:55.764090+00:00,ionq,qpu.forte-1,36,1,,,,,,,,,,,,,,,,,,,,,,,,,
2026-07-22T01:56:55.764090+00:00,ionq,qpu.forte-enterprise-1,36,0,,,,,,,,,,,,,,,,,,,,,,,,,
2026-07-22T01:56:55.764090+00:00,ionq,simulator,29,1,,,,,,,,,,,,,,,,,,,,,,,,,
2026-07-22T01:56:55.764090+00:00,braket/ionq,Aria 1,25,0,,,,,,,,,,,,,,,,,,,,,,,,,
2026-07-22T01:56:55.764090+00:00,braket/amazon braket,SV1,34,1,,,,,,,,,,,,,,,,,,,,,,,,,
2026-07-22T01:56:55.764090+00:00,braket/quera,Aquila,256,1,,,,,,,,,,,,,,,,,,,,,,,,,
2026-07-22T01:56:55.764090+00:00,braket/ionq,Harmony,11,0,,,,,,,,,,,,,,,,,,,,,,,,,
2026-07-22T01:56:55.764090+00:00,braket/amazon braket,dm1,17,1,,,,,,,,,,,,,,,,,,,,,,,,,
2026-07-22T01:56:55.764090+00:00,braket/amazon braket,TN1,50,0,,,,,,,,,,,,,,,,,,,,,,,,,
2026-07-22T01:56:55.764090+00:00,braket/ionq,Aria 2,25,0,,,,,,,,,,,,,,,,,,,,,,,,,
2026-07-22T01:56:55.764090+00:00,braket/ionq,Forte Enterprise 1,36,0,,,,,,,,,,,,,,,,,,,,,,,,,
2026-07-22T01:56:55.764090+00:00,braket/ionq,Forte 1,36,1,,,,,,,,,,,,,,,,,,,,,,,,,
2026-07-22T01:56:55.764090+00:00,braket/xanadu,Borealis,,0,,,,,,,,,,,,,,,,,,,,,,,,,
2026-07-22T05:17:23.042411+00:00,ibm,ibm_fez,156,True,1,0.03943,0.01767,115.4,89.3,"cz,delay,id,if_else,measure,reset,rz,sx,x",352,0.0146,1.0,100000,,,Heron r2,1.3.37,2024-05-14T04:00:00+00:00,2026-07-22T02:37:16+00:00,4.0,68.2,1700.0,0.022461,0.012874,0.25,320000,300,
2026-07-22T05:17:23.042411+00:00,ibm,ibm_marrakesh,156,True,0,0.0564,0.0256,164.4,76.9,"cz,delay,id,if_else,measure,reset,rz,sx,x",352,0.0146,1.0,100000,,,Heron r2,1.0.21,2024-08-07T04:00:00+00:00,2026-07-22T03:31:35+00:00,4.0,68.8,2180.0,0.031253,0.018742,0.25,300000,300,
2026-07-22T05:17:23.042411+00:00,ibm,ibm_kingston,156,True,296,0.03369,0.0305,228.8,133.3,"cz,delay,id,if_else,measure,measure_2,reset,rz,sx,x",352,0.0146,0.994,100000,,,Heron r2,1.0.0,2025-02-20T05:00:00+00:00,2026-07-22T04:16:26+00:00,4.0,68.4,2180.0,0.0332,0.027906,0.25,340000,300,
2026-07-22T05:17:23.042411+00:00,ionq,qpu.harmony,11,0,,,,,,,,,,,,,,,,,,,,,,,,,
2026-07-22T05:17:23.042411+00:00,ionq,qpu.aria-1,25,0,,,,,,,,,,,,,,,,,,,,,,,,,
2026-07-22T05:17:23.042411+00:00,ionq,qpu.aria-2,25,0,,,,,,,,,,,,,,,,,,,,,,,,,
2026-07-22T05:17:23.042411+00:00,ionq,qpu.forte-1,36,1,,,,,,,,,,,,,,,,,,,,,,,,,
2026-07-22T05:17:23.042411+00:00,ionq,qpu.forte-enterprise-1,36,0,,,,,,,,,,,,,,,,,,,,,,,,,
2026-07-22T05:17:23.042411+00:00,ionq,simulator,29,1,,,,,,,,,,,,,,,,,,,,,,,,,
2026-07-22T05:17:23.042411+00:00,braket/ionq,Aria 1,25,0,,,,,,,,,,,,,,,,,,,,,,,,,
2026-07-22T05:17:23.042411+00:00,braket/amazon braket,SV1,34,1,,,,,,,,,,,,,,,,,,,,,,,,,
2026-07-22T05:17:23.042411+00:00,braket/quera,Aquila,256,1,,,,,,,,,,,,,,,,,,,,,,,,,
2026-07-22T05:17:23.042411+00:00,braket/ionq,Harmony,11,0,,,,,,,,,,,,,,,,,,,,,,,,,
2026-07-22T05:17:23.042411+00:00,braket/amazon braket,dm1,17,1,,,,,,,,,,,,,,,,,,,,,,,,,
2026-07-22T05:17:23.042411+00:00,braket/amazon braket,TN1,50,0,,,,,,,,,,,,,,,,,,,,,,,,,
2026-07-22T05:17:23.042411+00:00,braket/ionq,Aria 2,25,0,,,,,,,,,,,,,,,,,,,,,,,,,
2026-07-22T05:17:23.042411+00:00,braket/ionq,Forte Enterprise 1,36,0,,,,,,,,,,,,,,,,,,,,,,,,,
2026-07-22T05:17:23.042411+00:00,braket/ionq,Forte 1,36,1,,,,,,,,,,,,,,,,,,,,,,,,,
2026-07-22T05:17:23.042411+00:00,braket/xanadu,Borealis,,0,,,,,,,,,,,,,,,,,,,,,,,,,
2026-07-22T08:13:02.058760+00:00,ibm,ibm_fez,156,True,2,0.03944,0.01839,115.4,89.3,"cz,delay,id,if_else,measure,reset,rz,sx,x",352,0.0146,1.0,100000,,,Heron r2,1.3.37,2024-05-14T04:00:00+00:00,2026-07-22T05:45:50+00:00,4.0,68.2,1700.0,0.021254,0.015492,0.25,320000,300,
2026-07-22T08:13:02.058760+00:00,ibm,ibm_marrakesh,156,True,1,0.0564,0.03356,160.1,80.0,"cz,delay,id,if_else,measure,reset,rz,sx,x",352,0.0146,1.0,100000,,,Heron r2,1.0.21,2024-08-07T04:00:00+00:00,2026-07-22T06:26:22+00:00,4.0,68.8,2180.0,0.033576,0.033538,0.25,300000,300,
2026-07-22T08:13:02.058760+00:00,ibm,ibm_kingston,156,True,275,0.03369,0.02549,228.8,133.3,"cz,delay,id,if_else,measure,measure_2,reset,rz,sx,x",352,0.0146,0.994,100000,,,Heron r2,1.0.0,2025-02-20T05:00:00+00:00,2026-07-22T07:17:07+00:00,4.0,68.4,2180.0,0.033613,0.017375,0.25,340000,300,
2026-07-22T08:13:02.058760+00:00,ionq,qpu.harmony,11,0,,,,,,,,,,,,,,,,,,,,,,,,,
2026-07-22T08:13:02.058760+00:00,ionq,qpu.aria-1,25,0,,,,,,,,,,,,,,,,,,,,,,,,,
2026-07-22T08:13:02.058760+00:00,ionq,qpu.aria-2,25,0,,,,,,,,,,,,,,,,,,,,,,,,,
2026-07-22T08:13:02.058760+00:00,ionq,qpu.forte-1,36,1,,,,,,,,,,,,,,,,,,,,,,,,,
2026-07-22T08:13:02.058760+00:00,ionq,qpu.forte-enterprise-1,36,0,,,,,,,,,,,,,,,,,,,,,,,,,
2026-07-22T08:13:02.058760+00:00,ionq,simulator,29,1,,,,,,,,,,,,,,,,,,,,,,,,,
2026-07-22T08:13:02.058760+00:00,braket/ionq,Aria 1,25,0,,,,,,,,,,,,,,,,,,,,,,,,,
2026-07-22T08:13:02.058760+00:00,braket/amazon braket,SV1,34,1,,,,,,,,,,,,,,,,,,,,,,,,,
2026-07-22T08:13:02.058760+00:00,braket/quera,Aquila,256,1,,,,,,,,,,,,,,,,,,,,,,,,,
2026-07-22T08:13:02.058760+00:00,braket/ionq,Harmony,11,0,,,,,,,,,,,,,,,,,,,,,,,,,
2026-07-22T08:13:02.058760+00:00,braket/amazon braket,dm1,17,1,,,,,,,,,,,,,,,,,,,,,,,,,
2026-07-22T08:13:02.058760+00:00,braket/amazon braket,TN1,50,0,,,,,,,,,,,,,,,,,,,,,,,,,
2026-07-22T08:13:02.058760+00:00,braket/ionq,Aria 2,25,0,,,,,,,,,,,,,,,,,,,,,,,,,
2026-07-22T08:13:02.058760+00:00,braket/ionq,Forte Enterprise 1,36,0,,,,,,,,,,,,,,,,,,,,,,,,,
2026-07-22T08:13:02.058760+00:00,braket/ionq,Forte 1,36,1,,,,,,,,,,,,,,,,,,,,,,,,,
2026-07-22T08:13:02.058760+00:00,braket/xanadu,Borealis,,0,,,,,,,,,,,,,,,,,,,,,,,,,
2026-07-22T11:43:43.722708+00:00,ibm,ibm_fez,156,True,4,0.03944,0.01839,115.4,89.3,"cz,delay,id,if_else,measure,reset,rz,sx,x",352,0.0146,1.0,100000,,,Heron r2,1.3.37,2024-05-14T04:00:00+00:00,2026-07-22T08:32:49+00:00,4.0,68.2,1700.0,0.021254,0.015492,0.25,320000,300,
2026-07-22T11:43:43.722708+00:00,ibm,ibm_marrakesh,156,True,4,0.0563,0.0255,160.1,80.0,"cz,delay,id,if_else,measure,reset,rz,sx,x",352,0.0146,1.0,100000,,,Heron r2,1.0.21,2024-08-07T04:00:00+00:00,2026-07-22T11:32:46+00:00,4.0,68.8,2180.0,0.03685,0.014273,0.25,300000,300,
2026-07-22T11:43:43.722708+00:00,ibm,ibm_kingston,156,True,215,0.03369,0.02549,221.0,129.0,"cz,delay,id,if_else,measure,measure_2,reset,rz,sx,x",352,0.0146,0.994,100000,,,Heron r2,1.0.0,2025-02-20T05:00:00+00:00,2026-07-22T10:41:24+00:00,4.0,68.4,2180.0,0.033613,0.017375,0.25,340000,300,
2026-07-22T11:43:43.722708+00:00,ionq,qpu.harmony,11,0,,,,,,,,,,,,,,,,,,,,,,,,,
2026-07-22T11:43:43.722708+00:00,ionq,qpu.aria-1,25,0,,,,,,,,,,,,,,,,,,,,,,,,,
2026-07-22T11:43:43.722708+00:00,ionq,qpu.aria-2,25,0,,,,,,,,,,,,,,,,,,,,,,,,,
2026-07-22T11:43:43.722708+00:00,ionq,qpu.forte-1,36,1,,,,,,,,,,,,,,,,,,,,,,,,,
2026-07-22T11:43:43.722708+00:00,ionq,qpu.forte-enterprise-1,36,0,,,,,,,,,,,,,,,,,,,,,,,,,
2026-07-22T11:43:43.722708+00:00,ionq,simulator,29,1,,,,,,,,,,,,,,,,,,,,,,,,,
2026-07-22T11:43:43.722708+00:00,braket/ionq,Aria 1,25,0,,,,,,,,,,,,,,,,,,,,,,,,,
2026-07-22T11:43:43.722708+00:00,braket/amazon braket,SV1,34,1,,,,,,,,,,,,,,,,,,,,,,,,,
2026-07-22T11:43:43.722708+00:00,braket/quera,Aquila,256,1,,,,,,,,,,,,,,,,,,,,,,,,,
2026-07-22T11:43:43.722708+00:00,braket/ionq,Harmony,11,0,,,,,,,,,,,,,,,,,,,,,,,,,
2026-07-22T11:43:43.722708+00:00,braket/amazon braket,dm1,17,1,,,,,,,,,,,,,,,,,,,,,,,,,
2026-07-22T11:43:43.722708+00:00,braket/amazon braket,TN1,50,0,,,,,,,,,,,,,,,,,,,,,,,,,
2026-07-22T11:43:43.722708+00:00,braket/ionq,Aria 2,25,0,,,,,,,,,,,,,,,,,,,,,,,,,
2026-07-22T11:43:43.722708+00:00,braket/ionq,Forte Enterprise 1,36,0,,,,,,,,,,,,,,,,,,,,,,,,,
2026-07-22T11:43:43.722708+00:00,braket/ionq,Forte 1,36,1,,,,,,,,,,,,,,,,,,,,,,,,,
2026-07-22T11:43:43.722708+00:00,braket/xanadu,Borealis,,0,,,,,,,,,,,,,,,,,,,,,,,,,
2026-07-22T13:26:41.179130+00:00,ibm,ibm_fez,156,True,1,0.03944,0.02112,115.4,89.3,"cz,delay,id,if_else,measure,reset,rz,sx,x",352,0.0146,1.0,100000,,,Heron r2,1.3.37,2024-05-14T04:00:00+00:00,2026-07-22T12:28:55+00:00,4.0,68.2,1700.0,0.024808,0.01717,0.25,320000,300,
2026-07-22T13:26:41.179130+00:00,ibm,ibm_marrakesh,156,True,0,0.05633,0.0255,160.1,80.0,"cz,delay,id,if_else,measure,reset,rz,sx,x",352,0.0146,1.0,100000,,,Heron r2,1.0.21,2024-08-07T04:00:00+00:00,2026-07-22T12:36:19+00:00,4.0,68.8,2180.0,0.03685,0.014273,0.25,300000,300,
2026-07-22T13:26:41.179130+00:00,ibm,ibm_kingston,156,True,0,0.03369,0.02549,221.0,129.0,"cz,delay,id,if_else,measure,measure_2,reset,rz,sx,x",352,0.0146,0.994,100000,,,Heron r2,1.0.0,2025-02-20T05:00:00+00:00,2026-07-22T12:07:52+00:00,4.0,68.4,2180.0,0.033613,0.017375,0.25,340000,300,
2026-07-22T13:26:41.179130+00:00,ionq,qpu.harmony,11,0,,,,,,,,,,,,,,,,,,,,,,,,,
2026-07-22T13:26:41.179130+00:00,ionq,qpu.aria-1,25,0,,,,,,,,,,,,,,,,,,,,,,,,,
2026-07-22T13:26:41.179130+00:00,ionq,qpu.aria-2,25,0,,,,,,,,,,,,,,,,,,,,,,,,,
2026-07-22T13:26:41.179130+00:00,ionq,qpu.forte-1,36,1,,,,,,,,,,,,,,,,,,,,,,,,,
2026-07-22T13:26:41.179130+00:00,ionq,qpu.forte-enterprise-1,36,0,,,,,,,,,,,,,,,,,,,,,,,,,
2026-07-22T13:26:41.179130+00:00,ionq,simulator,29,1,,,,,,,,,,,,,,,,,,,,,,,,,
2026-07-22T13:26:41.179130+00:00,braket/ionq,Aria 1,25,0,,,,,,,,,,,,,,,,,,,,,,,,,
2026-07-22T13:26:41.179130+00:00,braket/amazon braket,SV1,34,1,,,,,,,,,,,,,,,,,,,,,,,,,
2026-07-22T13:26:41.179130+00:00,braket/quera,Aquila,256,1,,,,,,,,,,,,,,,,,,,,,,,,,
2026-07-22T13:26:41.179130+00:00,braket/ionq,Harmony,11,0,,,,,,,,,,,,,,,,,,,,,,,,,
2026-07-22T13:26:41.179130+00:00,braket/amazon braket,dm1,17,1,,,,,,,,,,,,,,,,,,,,,,,,,
2026-07-22T13:26:41.179130+00:00,braket/amazon braket,TN1,50,0,,,,,,,,,,,,,,,,,,,,,,,,,
2026-07-22T13:26:41.179130+00:00,braket/ionq,Aria 2,25,0,,,,,,,,,,,,,,,,,,,,,,,,,
2026-07-22T13:26:41.179130+00:00,braket/ionq,Forte Enterprise 1,36,0,,,,,,,,,,,,,,,,,,,,,,,,,
2026-07-22T13:26:41.179130+00:00,braket/ionq,Forte 1,36,1,,,,,,,,,,,,,,,,,,,,,,,,,
2026-07-22T13:26:41.179130+00:00,braket/xanadu,Borealis,,0,,,,,,,,,,,,,,,,,,,,,,,,,
2026-07-22T15:27:06.131944+00:00,ibm,ibm_fez,156,True,3,0.03944,0.01994,115.4,89.3,"cz,delay,id,if_else,measure,reset,rz,sx,x",352,0.0146,1.0,100000,,,Heron r2,1.3.37,2024-05-14T04:00:00+00:00,2026-07-22T14:56:29+00:00,4.0,68.2,1700.0,0.026017,0.013522,0.25,320000,300,
2026-07-22T15:27:06.131944+00:00,ibm,ibm_marrakesh,156,True,6,0.05633,0.0255,160.1,80.0,"cz,delay,id,if_else,measure,reset,rz,sx,x",352,0.0146,1.0,100000,,,Heron r2,1.0.21,2024-08-07T04:00:00+00:00,2026-07-22T14:47:19+00:00,4.0,68.8,2180.0,0.03685,0.014273,0.25,300000,300,
2026-07-22T15:27:06.131944+00:00,ibm,ibm_kingston,156,True,7,0.03367,0.02549,221.0,129.0,"cz,delay,id,if_else,measure,measure_2,reset,rz,sx,x",352,0.0146,0.994,100000,,,Heron r2,1.0.0,2025-02-20T05:00:00+00:00,2026-07-22T14:44:18+00:00,4.0,68.4,2180.0,0.033613,0.017375,0.25,340000,300,
2026-07-22T15:27:06.131944+00:00,ionq,qpu.harmony,11,0,,,,,,,,,,,,,,,,,,,,,,,,,
2026-07-22T15:27:06.131944+00:00,ionq,qpu.aria-1,25,0,,,,,,,,,,,,,,,,,,,,,,,,,
2026-07-22T15:27:06.131944+00:00,ionq,qpu.aria-2,25,0,,,,,,,,,,,,,,,,,,,,,,,,,
2026-07-22T15:27:06.131944+00:00,ionq,qpu.forte-1,36,1,,,,,,,,,,,,,,,,,,,,,,,,,
2026-07-22T15:27:06.131944+00:00,ionq,qpu.forte-enterprise-1,36,0,,,,,,,,,,,,,,,,,,,,,,,,,
2026-07-22T15:27:06.131944+00:00,ionq,simulator,29,1,,,,,,,,,,,,,,,,,,,,,,,,,
2026-07-22T15:27:06.131944+00:00,braket/ionq,Aria 1,25,0,,,,,,,,,,,,,,,,,,,,,,,,,
2026-07-22T15:27:06.131944+00:00,braket/amazon braket,SV1,34,1,,,,,,,,,,,,,,,,,,,,,,,,,
2026-07-22T15:27:06.131944+00:00,braket/quera,Aquila,256,1,,,,,,,,,,,,,,,,,,,,,,,,,
2026-07-22T15:27:06.131944+00:00,braket/ionq,Harmony,11,0,,,,,,,,,,,,,,,,,,,,,,,,,
2026-07-22T15:27:06.131944+00:00,braket/amazon braket,dm1,17,1,,,,,,,,,,,,,,,,,,,,,,,,,
2026-07-22T15:27:06.131944+00:00,braket/amazon braket,TN1,50,0,,,,,,,,,,,,,,,,,,,,,,,,,
2026-07-22T15:27:06.131944+00:00,braket/ionq,Aria 2,25,0,,,,,,,,,,,,,,,,,,,,,,,,,
2026-07-22T15:27:06.131944+00:00,braket/ionq,Forte Enterprise 1,36,0,,,,,,,,,,,,,,,,,,,,,,,,,
2026-07-22T15:27:06.131944+00:00,braket/ionq,Forte 1,36,1,,,,,,,,,,,,,,,,,,,,,,,,,
2026-07-22T15:27:06.131944+00:00,braket/xanadu,Borealis,,0,,,,,,,,,,,,,,,,,,,,,,,,,
2026-07-22T17:09:20.544786+00:00,ibm,ibm_fez,156,True,7,0.03944,0.01994,115.4,89.3,"cz,delay,id,if_else,measure,reset,rz,sx,x",352,0.0146,1.0,100000,,,Heron r2,1.3.37,2024-05-14T04:00:00+00:00,2026-07-22T16:51:13+00:00,4.0,68.2,1700.0,0.026017,0.013522,0.25,320000,300,
2026-07-22T17:09:20.544786+00:00,ibm,ibm_marrakesh,156,True,2,0.05633,0.02878,160.1,80.0,"cz,delay,id,if_else,measure,reset,rz,sx,x",352,0.0146,1.0,100000,,,Heron r2,1.0.21,2024-08-07T04:00:00+00:00,2026-07-22T16:46:47+00:00,4.0,68.8,2180.0,0.029599,0.028291,0.25,300000,300,
2026-07-22T17:09:20.544786+00:00,ibm,ibm_kingston,156,True,1,0.03367,0.02492,221.0,129.0,"cz,delay,id,if_else,measure,measure_2,reset,rz,sx,x",352,0.0146,0.994,100000,,,Heron r2,1.0.0,2025-02-20T05:00:00+00:00,2026-07-22T16:55:53+00:00,4.0,68.4,2180.0,0.031344,0.018403,0.25,340000,300,
2026-07-22T17:09:20.544786+00:00,ionq,qpu.harmony,11,0,,,,,,,,,,,,,,,,,,,,,,,,,
2026-07-22T17:09:20.544786+00:00,ionq,qpu.aria-1,25,0,,,,,,,,,,,,,,,,,,,,,,,,,
2026-07-22T17:09:20.544786+00:00,ionq,qpu.aria-2,25,0,,,,,,,,,,,,,,,,,,,,,,,,,
2026-07-22T17:09:20.544786+00:00,ionq,qpu.forte-1,36,1,,,,,,,,,,,,,,,,,,,,,,,,,
2026-07-22T17:09:20.544786+00:00,ionq,qpu.forte-enterprise-1,36,0,,,,,,,,,,,,,,,,,,,,,,,,,
2026-07-22T17:09:20.544786+00:00,ionq,simulator,29,1,,,,,,,,,,,,,,,,,,,,,,,,,
2026-07-22T17:09:20.544786+00:00,braket/ionq,Aria 1,25,0,,,,,,,,,,,,,,,,,,,,,,,,,
2026-07-22T17:09:20.544786+00:00,braket/amazon braket,SV1,34,1,,,,,,,,,,,,,,,,,,,,,,,,,
2026-07-22T17:09:20.544786+00:00,braket/quera,Aquila,256,1,,,,,,,,,,,,,,,,,,,,,,,,,
2026-07-22T17:09:20.544786+00:00,braket/ionq,Harmony,11,0,,,,,,,,,,,,,,,,,,,,,,,,,
2026-07-22T17:09:20.544786+00:00,braket/amazon braket,dm1,17,1,,,,,,,,,,,,,,,,,,,,,,,,,
2026-07-22T17:09:20.544786+00:00,braket/amazon braket,TN1,50,0,,,,,,,,,,,,,,,,,,,,,,,,,
2026-07-22T17:09:20.544786+00:00,braket/ionq,Aria 2,25,0,,,,,,,,,,,,,,,,,,,,,,,,,
2026-07-22T17:09:20.544786+00:00,braket/ionq,Forte Enterprise 1,36,0,,,,,,,,,,,,,,,,,,,,,,,,,
2026-07-22T17:09:20.544786+00:00,braket/ionq,Forte 1,36,1,,,,,,,,,,,,,,,,,,,,,,,,,
2026-07-22T17:09:20.544786+00:00,braket/xanadu,Borealis,,0,,,,,,,,,,,,,,,,,,,,,,,,,
2026-07-22T19:01:39.199031+00:00,ibm,ibm_fez,156,True,19,0.03944,0.0186,115.4,89.3,"cz,delay,id,if_else,measure,reset,rz,sx,x",352,0.0146,1.0,100000,,,Heron r2,1.3.37,2024-05-14T04:00:00+00:00,2026-07-22T18:27:00+00:00,4.0,68.2,1700.0,0.022135,0.014955,0.25,320000,300,
2026-07-22T19:01:39.199031+00:00,ibm,ibm_marrakesh,156,True,1,0.05633,0.02878,160.1,80.0,"cz,delay,id,if_else,measure,reset,rz,sx,x",352,0.0146,1.0,100000,,,Heron r2,1.0.21,2024-08-07T04:00:00+00:00,2026-07-22T18:16:54+00:00,4.0,68.8,2180.0,0.029599,0.028291,0.25,300000,300,
2026-07-22T19:01:39.199031+00:00,ibm,ibm_kingston,156,True,9,0.03367,0.02492,221.0,129.0,"cz,delay,id,if_else,measure,measure_2,reset,rz,sx,x",352,0.0146,0.994,100000,,,Heron r2,1.0.0,2025-02-20T05:00:00+00:00,2026-07-22T17:27:23+00:00,4.0,68.4,2180.0,0.031344,0.018403,0.25,340000,300,
2026-07-22T19:01:39.199031+00:00,ionq,qpu.harmony,11,0,,,,,,,,,,,,,,,,,,,,,,,,,
2026-07-22T19:01:39.199031+00:00,ionq,qpu.aria-1,25,0,,,,,,,,,,,,,,,,,,,,,,,,,
2026-07-22T19:01:39.199031+00:00,ionq,qpu.aria-2,25,0,,,,,,,,,,,,,,,,,,,,,,,,,
2026-07-22T19:01:39.199031+00:00,ionq,qpu.forte-1,36,1,,,,,,,,,,,,,,,,,,,,,,,,,
2026-07-22T19:01:39.199031+00:00,ionq,qpu.forte-enterprise-1,36,0,,,,,,,,,,,,,,,,,,,,,,,,,
2026-07-22T19:01:39.199031+00:00,ionq,simulator,29,1,,,,,,,,,,,,,,,,,,,,,,,,,
2026-07-22T19:01:39.199031+00:00,braket/ionq,Aria 1,25,0,,,,,,,,,,,,,,,,,,,,,,,,,
2026-07-22T19:01:39.199031+00:00,braket/amazon braket,SV1,34,1,,,,,,,,,,,,,,,,,,,,,,,,,
2026-07-22T19:01:39.199031+00:00,braket/quera,Aquila,256,1,,,,,,,,,,,,,,,,,,,,,,,,,
2026-07-22T19:01:39.199031+00:00,braket/ionq,Harmony,11,0,,,,,,,,,,,,,,,,,,,,,,,,,
2026-07-22T19:01:39.199031+00:00,braket/amazon braket,dm1,17,1,,,,,,,,,,,,,,,,,,,,,,,,,
2026-07-22T19:01:39.199031+00:00,braket/amazon braket,TN1,50,0,,,,,,,,,,,,,,,,,,,,,,,,,
2026-07-22T19:01:39.199031+00:00,braket/ionq,Aria 2,25,0,,,,,,,,,,,,,,,,,,,,,,,,,
2026-07-22T19:01:39.199031+00:00,braket/ionq,Forte Enterprise 1,36,0,,,,,,,,,,,,,,,,,,,,,,,,,
2026-07-22T19:01:39.199031+00:00,braket/ionq,Forte 1,36,1,,,,,,,,,,,,,,,,,,,,,,,,,
2026-07-22T19:01:39.199031+00:00,braket/xanadu,Borealis,,0,,,,,,,,,,,,,,,,,,,,,,,,,
2026-07-22T20:57:34.809296+00:00,ibm,ibm_fez,156,True,2,0.03944,0.01978,115.4,89.3,"cz,delay,id,if_else,measure,reset,rz,sx,x",352,0.0146,1.0,100000,,,Heron r2,1.3.37,2024-05-14T04:00:00+00:00,2026-07-22T20:26:37+00:00,4.0,68.2,1700.0,0.022445,0.017112,0.25,320000,300,
2026-07-22T20:57:34.809296+00:00,ibm,ibm_marrakesh,156,True,5,0.05633,0.02632,160.1,80.0,"cz,delay,id,if_else,measure,reset,rz,sx,x",352,0.0146,1.0,100000,,,Heron r2,1.0.21,2024-08-07T04:00:00+00:00,2026-07-22T20:28:34+00:00,4.0,68.8,2180.0,0.03035,0.022232,0.25,300000,300,
2026-07-22T20:57:34.809296+00:00,ibm,ibm_kingston,156,True,76,0.03367,0.02492,221.0,129.0,"cz,delay,id,if_else,measure,measure_2,reset,rz,sx,x",352,0.0146,0.994,100000,,,Heron r2,1.0.0,2025-02-20T05:00:00+00:00,2026-07-22T20:25:35+00:00,4.0,68.4,2180.0,0.031344,0.018403,0.25,340000,300,
2026-07-22T20:57:34.809296+00:00,ionq,qpu.harmony,11,0,,,,,,,,,,,,,,,,,,,,,,,,,
2026-07-22T20:57:34.809296+00:00,ionq,qpu.aria-1,25,0,,,,,,,,,,,,,,,,,,,,,,,,,
2026-07-22T20:57:34.809296+00:00,ionq,qpu.aria-2,25,0,,,,,,,,,,,,,,,,,,,,,,,,,
2026-07-22T20:57:34.809296+00:00,ionq,qpu.forte-1,36,1,,,,,,,,,,,,,,,,,,,,,,,,,
2026-07-22T20:57:34.809296+00:00,ionq,qpu.forte-enterprise-1,36,0,,,,,,,,,,,,,,,,,,,,,,,,,
2026-07-22T20:57:34.809296+00:00,ionq,simulator,29,1,,,,,,,,,,,,,,,,,,,,,,,,,
2026-07-22T20:57:34.809296+00:00,braket/ionq,Aria 1,25,0,,,,,,,,,,,,,,,,,,,,,,,,,
2026-07-22T20:57:34.809296+00:00,braket/amazon braket,SV1,34,1,,,,,,,,,,,,,,,,,,,,,,,,,
2026-07-22T20:57:34.809296+00:00,braket/quera,Aquila,256,1,,,,,,,,,,,,,,,,,,,,,,,,,
2026-07-22T20:57:34.809296+00:00,braket/ionq,Harmony,11,0,,,,,,,,,,,,,,,,,,,,,,,,,
2026-07-22T20:57:34.809296+00:00,braket/amazon braket,dm1,17,1,,,,,,,,,,,,,,,,,,,,,,,,,
2026-07-22T20:57:34.809296+00:00,braket/amazon braket,TN1,50,0,,,,,,,,,,,,,,,,,,,,,,,,,
2026-07-22T20:57:34.809296+00:00,braket/ionq,Aria 2,25,0,,,,,,,,,,,,,,,,,,,,,,,,,
2026-07-22T20:57:34.809296+00:00,braket/ionq,Forte Enterprise 1,36,0,,,,,,,,,,,,,,,,,,,,,,,,,
2026-07-22T20:57:34.809296+00:00,braket/ionq,Forte 1,36,1,,,,,,,,,,,,,,,,,,,,,,,,,
2026-07-22T20:57:34.809296+00:00,braket/xanadu,Borealis,,0,,,,,,,,,,,,,,,,,,,,,,,,,
2026-07-22T22:56:05.263489+00:00,ibm,ibm_fez,156,True,0,0.03944,0.01839,115.4,89.3,"cz,delay,id,if_else,measure,reset,rz,sx,x",352,0.0146,1.0,100000,,,Heron r2,1.3.37,2024-05-14T04:00:00+00:00,2026-07-22T22:39:33+00:00,4.0,68.2,1700.0,0.022132,0.014827,0.25,320000,300,
2026-07-22T22:56:05.263489+00:00,ibm,ibm_marrakesh,156,True,2,0.05633,0.02632,160.1,80.0,"cz,delay,id,if_else,measure,reset,rz,sx,x",352,0.0146,1.0,100000,,,Heron r2,1.0.21,2024-08-07T04:00:00+00:00,2026-07-22T22:23:35+00:00,4.0,68.8,2180.0,0.03035,0.022232,0.25,300000,300,
2026-07-22T22:56:05.263489+00:00,ibm,ibm_kingston,156,True,3,0.03367,0.02465,221.0,129.0,"cz,delay,id,if_else,measure,measure_2,reset,rz,sx,x",352,0.0146,0.994,100000,,,Heron r2,1.0.0,2025-02-20T05:00:00+00:00,2026-07-22T22:20:59+00:00,4.0,68.4,2180.0,0.031684,0.017627,0.25,340000,300,
2026-07-22T22:56:05.263489+00:00,ionq,qpu.harmony,11,0,,,,,,,,,,,,,,,,,,,,,,,,,
2026-07-22T22:56:05.263489+00:00,ionq,qpu.aria-1,25,0,,,,,,,,,,,,,,,,,,,,,,,,,
2026-07-22T22:56:05.263489+00:00,ionq,qpu.aria-2,25,0,,,,,,,,,,,,,,,,,,,,,,,,,
2026-07-22T22:56:05.263489+00:00,ionq,qpu.forte-1,36,1,,,,,,,,,,,,,,,,,,,,,,,,,
2026-07-22T22:56:05.263489+00:00,ionq,qpu.forte-enterprise-1,36,0,,,,,,,,,,,,,,,,,,,,,,,,,
2026-07-22T22:56:05.263489+00:00,ionq,simulator,29,1,,,,,,,,,,,,,,,,,,,,,,,,,
2026-07-22T22:56:05.263489+00:00,braket/ionq,Aria 1,25,0,,,,,,,,,,,,,,,,,,,,,,,,,
2026-07-22T22:56:05.263489+00:00,braket/amazon braket,SV1,34,1,,,,,,,,,,,,,,,,,,,,,,,,,
2026-07-22T22:56:05.263489+00:00,braket/quera,Aquila,256,1,,,,,,,,,,,,,,,,,,,,,,,,,
2026-07-22T22:56:05.263489+00:00,braket/ionq,Harmony,11,0,,,,,,,,,,,,,,,,,,,,,,,,,
2026-07-22T22:56:05.263489+00:00,braket/amazon braket,dm1,17,1,,,,,,,,,,,,,,,,,,,,,,,,,
2026-07-22T22:56:05.263489+00:00,braket/amazon braket,TN1,50,0,,,,,,,,,,,,,,,,,,,,,,,,,
2026-07-22T22:56:05.263489+00:00,braket/ionq,Aria 2,25,0,,,,,,,,,,,,,,,,,,,,,,,,,
2026-07-22T22:56:05.263489+00:00,braket/ionq,Forte Enterprise 1,36,0,,,,,,,,,,,,,,,,,,,,,,,,,
2026-07-22T22:56:05.263489+00:00,braket/ionq,Forte 1,36,1,,,,,,,,,,,,,,,,,,,,,,,,,
2026-07-22T22:56:05.263489+00:00,braket/xanadu,Borealis,,0,,,,,,,,,,,,,,,,,,,,,,,,,
2026-07-23T02:04:56.408708+00:00,ibm,ibm_fez,156,True,35,0.03944,0.01839,115.4,89.3,"cz,delay,id,if_else,measure,reset,rz,sx,x",352,0.0146,1.0,100000,,,Heron r2,1.3.37,2024-05-14T04:00:00+00:00,2026-07-23T00:07:00+00:00,4.0,68.2,1700.0,0.022132,0.014827,0.25,320000,300,
2026-07-23T02:04:56.408708+00:00,ibm,ibm_marrakesh,156,True,0,0.05633,0.0248,160.1,80.0,"cz,delay,id,if_else,measure,reset,rz,sx,x",352,0.0146,1.0,100000,,,Heron r2,1.0.21,2024-08-07T04:00:00+00:00,2026-07-23T01:39:01+00:00,4.0,68.8,2180.0,0.027395,0.022234,0.25,300000,300,
2026-07-23T02:04:56.408708+00:00,ibm,ibm_kingston,156,True,4,0.03367,0.02465,221.0,129.0,"cz,delay,id,if_else,measure,measure_2,reset,rz,sx,x",352,0.0146,0.994,100000,,,Heron r2,1.0.0,2025-02-20T05:00:00+00:00,2026-07-23T01:10:00+00:00,4.0,68.4,2180.0,0.031684,0.017627,0.25,340000,300,
2026-07-23T02:04:56.408708+00:00,ionq,qpu.harmony,11,0,,,,,,,,,,,,,,,,,,,,,,,,,
2026-07-23T02:04:56.408708+00:00,ionq,qpu.aria-1,25,0,,,,,,,,,,,,,,,,,,,,,,,,,
2026-07-23T02:04:56.408708+00:00,ionq,qpu.aria-2,25,0,,,,,,,,,,,,,,,,,,,,,,,,,
2026-07-23T02:04:56.408708+00:00,ionq,qpu.forte-1,36,1,,,,,,,,,,,,,,,,,,,,,,,,,
2026-07-23T02:04:56.408708+00:00,ionq,qpu.forte-enterprise-1,36,0,,,,,,,,,,,,,,,,,,,,,,,,,
2026-07-23T02:04:56.408708+00:00,ionq,simulator,29,1,,,,,,,,,,,,,,,,,,,,,,,,,
2026-07-23T02:04:56.408708+00:00,braket/ionq,Aria 1,25,0,,,,,,,,,,,,,,,,,,,,,,,,,
2026-07-23T02:04:56.408708+00:00,braket/amazon braket,SV1,34,1,,,,,,,,,,,,,,,,,,,,,,,,,
2026-07-23T02:04:56.408708+00:00,braket/quera,Aquila,256,1,,,,,,,,,,,,,,,,,,,,,,,,,
2026-07-23T02:04:56.408708+00:00,braket/ionq,Harmony,11,0,,,,,,,,,,,,,,,,,,,,,,,,,
2026-07-23T02:04:56.408708+00:00,braket/amazon braket,dm1,17,1,,,,,,,,,,,,,,,,,,,,,,,,,
2026-07-23T02:04:56.408708+00:00,braket/amazon braket,TN1,50,0,,,,,,,,,,,,,,,,,,,,,,,,,
2026-07-23T02:04:56.408708+00:00,braket/ionq,Aria 2,25,0,,,,,,,,,,,,,,,,,,,,,,,,,
2026-07-23T02:04:56.408708+00:00,braket/ionq,Forte Enterprise 1,36,0,,,,,,,,,,,,,,,,,,,,,,,,,
2026-07-23T02:04:56.408708+00:00,braket/ionq,Forte 1,36,1,,,,,,,,,,,,,,,,,,,,,,,,,
2026-07-23T02:04:56.408708+00:00,braket/xanadu,Borealis,,0,,,,,,,,,,,,,,,,,,,,,,,,,
